timestamp,sequence,numbers,realaccount,predicted_class,unnamed: 2,balance,stop_loss,next_target

2025-03-08 21:55:32,1,1.15,5065.18,,,,,
2025-03-08 21:56:06,2,1.57,5065.18,,,,,
2025-03-08 21:56:29,3,2.39,5065.18,,,,,
2025-03-08 21:56:44,4,1.13,5065.18,,,,,
2025-03-08 21:57:05,5,1.98,5065.18,,,,,
2025-03-08 21:57:24,6,1.7,5065.18,,,,,
2025-03-08 21:57:51,7,3.69,5065.18,,,,,
2025-03-08 21:58:17,8,3.23,5065.18,,,,,
2025-03-08 21:58:41,9,2.64,5065.18,,,,,
2025-03-08 21:59:03,10,2.22,5065.18,,,,,
2025-03-08 21:59:17,11,1.08,5065.18,,,,,
2025-03-08 21:59:33,12,1.11,5065.18,,,,,
2025-03-08 21:59:52,13,1.55,5065.18,1.0,0.0,,,
2025-03-08 22:00:24,14,6.61,5065.18,1.0,0.0,,,
2025-03-08 22:00:49,15,2.99,489318.0,2.0,1.0,4833.0,0.0,38000.0
2025-03-08 22:01:07,16,1.41,4731.18,2.0,1.0,4666.0,0.0,38000.0
2025-03-08 22:01:21,17,1.08,4564.18,2.0,1.0,4499.0,0.0,38000.0
2025-03-08 22:01:21,17,1.08,4564.18,2.0,1.0,4499.0,0.0,38000.0
2025-03-08 22:01:56,18,7.19,4564.18,1.0,0.0,,,
2025-03-08 22:02:13,19,1.43,4397.18,2.0,1.0,4332.0,0.0,38000.0
2025-03-08 22:02:43,20,4.78,4230.18,2.0,1.0,4165.0,0.0,38000.0
2025-03-08 22:03:06,21,2.37,4063.18,2.0,1.0,3998.0,0.0,38000.0
2025-03-08 22:03:21,22,1.1,3896.18,2.0,1.0,3831.0,0.0,38000.0
2025-03-08 22:03:41,23,1.88,372018.0,2.0,1.0,3664.0,0.0,38000.0
2025-03-08 22:03:41,23,1.88,372018.0,2.0,1.0,3664.0,0.0,38000.0
2025-03-08 22:04:11,24,4.99,372018.0,1.0,0.0,,,
2025-03-08 22:04:57,25,24.96,4397.18,2.0,1.0,4332.0,0.0,38000.0
2025-03-08 22:05:13,26,1.2,4230.18,2.0,1.0,4165.0,0.0,38000.0
2025-03-08 22:05:28,27,1.07,4063.18,2.0,1.0,3998.0,0.0,38000.0
2025-03-08 22:05:46,28,1.37,3896.18,2.0,1.0,3831.0,0.0,38000.0
2025-03-08 22:06:14,29,4.27,372018.0,2.0,1.0,3664.0,0.0,38000.0
2025-03-08 22:06:34,30,1.88,3562.18,2.0,1.0,3497.0,0.0,38000.0
2025-03-08 22:06:53,31,1.53,3395.18,2.0,1.0,3330.0,0.0,38000.0
2025-03-08 22:07:29,32,9.68,4063.18,2.0,1.0,3998.0,0.0,38000.0
2025-03-08 22:07:48,33,1.57,3896.18,2.0,1.0,3831.0,0.0,38000.0
2025-03-08 22:08:04,34,1.3,372018.0,2.0,1.0,3664.0,0.0,38000.0
2025-03-08 22:08:23,35,1.57,3562.18,2.0,1.0,3497.0,0.0,38000.0
2025-03-08 22:08:23,35,1.57,3562.18,2.0,1.0,3497.0,0.0,38000.0
2025-03-08 22:08:37,36,1.0,3562.18,1.0,0.0,,,
2025-03-08 22:08:57,37,1.68,3395.18,2.0,1.0,3330.0,0.0,38000.0
2025-03-08 22:09:13,38,1.26,322218.0,2.0,1.0,3163.0,0.0,38000.0
2025-03-08 22:09:52,39,12.64,3896.18,2.0,1.0,3831.0,0.0,38000.0
2025-03-08 22:10:13,40,1.95,372018.0,2.0,1.0,3664.0,0.0,38000.0
2025-03-08 22:10:50,41,9.91,4397.18,2.0,1.0,4332.0,0.0,38000.0
2025-03-08 22:10:50,41,9.91,4397.18,2.0,1.0,4332.0,0.0,38000.0
2025-03-08 22:11:22,42,6.04,4397.18,1.0,0.0,,,
2025-03-08 22:11:39,43,1.33,4230.18,2.0,1.0,4165.0,0.0,38000.0
2025-03-08 22:11:39,43,1.33,4230.18,2.0,1.0,4165.0,0.0,38000.0
2025-03-08 22:11:39,43,1.33,4230.18,2.0,1.0,4165.0,0.0,38000.0
2025-03-08 22:11:39,43,1.33,4230.18,2.0,1.0,4165.0,0.0,38000.0
2025-03-08 22:11:39,43,1.33,4230.18,2.0,1.0,4165.0,0.0,38000.0
2025-03-08 22:11:56,44,1.0,4230.18,1.0,0.0,,,
2025-03-08 22:13:14,45,590.2,4230.18,1.0,0.0,,,
2025-03-08 22:13:14,45,590.2,4230.18,1.0,,,,
2025-03-08 22:13:29,46,1.14,4230.18,1.0,0.0,,,
2025-03-08 22:14:03,47,7.49,4731.18,2.0,1.0,4833.0,0.0,38000.0
2025-03-08 22:14:27,48,2.45,4731.18,2.0,1.0,4666.0,0.0,38000.0
2025-03-08 22:14:27,48,2.45,4731.18,2.0,1.0,4666.0,0.0,38000.0
2025-03-08 22:14:45,49,1.51,4731.18,1.0,0.0,,,
2025-03-08 22:15:09,50,2.86,4564.18,2.0,1.0,4499.0,0.0,38000.0
2025-03-08 22:15:54,51,21.5,5232.18,2.0,1.0,5167.0,0.0,38000.0
2025-03-08 22:16:08,52,1.01,5065.18,2.0,1.0,5000.0,0.0,38000.0
2025-03-08 22:16:25,53,1.31,489318.0,2.0,1.0,4833.0,0.0,38000.0
2025-03-08 22:16:59,54,7.12,,2.0,1.0,5501.0,0.0,38000.0
2025-03-08 22:17:16,55,1.43,5390.18,2.0,1.0,5334.0,0.0,38000.0
2025-03-08 22:17:35,56,1.59,5232.18,2.0,1.0,5167.0,0.0,38000.0
2025-03-08 22:18:21,57,3.79,5065.18,2.0,1.0,5000.0,0.0,38000.0
2025-03-08 22:19:06,58,20.76,5733.18,2.0,1.0,5668.0,0.0,38000.0
2025-03-08 22:19:23,59,1.35,5566.18,2.0,1.0,5501.0,0.0,38000.0
2025-03-08 22:19:46,60,2.45,5390.18,2.0,1.0,5334.0,0.0,38000.0
2025-03-08 22:20:43,61,70.76,6067.18,2.0,1.0,6002.0,0.0,38000.0
2025-03-08 22:21:05,62,2.2,5900.18,2.0,1.0,5835.0,0.0,38000.0
2025-03-08 22:21:19,63,1.08,5733.18,2.0,1.0,5668.0,0.0,38000.0
2025-03-08 22:21:36,64,1.34,5566.18,2.0,1.0,5501.0,0.0,38000.0
2025-03-08 22:21:59,65,2.3,5390.18,2.0,1.0,5334.0,0.0,38000.0
2025-03-08 22:22:17,66,1.53,5232.18,2.0,1.0,5167.0,0.0,38000.0
2025-03-08 22:22:32,67,1.06,5065.18,2.0,1.0,5000.0,0.0,38000.0
2025-03-08 22:22:46,68,1.05,489318.0,2.0,1.0,4833.0,0.0,38000.0
2025-03-08 22:23:14,69,4.24,4731.18,2.0,1.0,4666.0,0.0,38000.0
2025-03-08 22:23:29,70,1.07,4564.18,2.0,1.0,4499.0,0.0,38000.0
2025-03-08 22:23:54,71,3.0,4397.18,2.0,1.0,4332.0,0.0,38000.0
2025-03-08 22:24:21,72,3.32,4230.18,2.0,1.0,4165.0,0.0,38000.0
2025-03-08 22:24:21,72,3.32,4230.18,2.0,1.0,4165.0,0.0,38000.0
2025-03-08 22:24:38,73,1.37,4230.18,1.0,0.0,,,
2025-03-08 22:24:53,74,1.18,4063.18,2.0,1.0,3998.0,0.0,38000.0
2025-03-08 22:25:08,75,1.0,3896.18,2.0,1.0,3831.0,0.0,38000.0
2025-03-08 22:25:08,75,1.0,3896.18,2.0,1.0,3831.0,0.0,38000.0
2025-03-08 22:25:25,76,1.45,3896.18,1.0,0.0,,,
2025-03-08 22:25:46,77,1.96,372018.0,2.0,1.0,3664.0,0.0,38000.0
2025-03-08 22:26:13,78,3.55,3562.18,2.0,1.0,3497.0,0.0,38000.0
2025-03-08 22:26:31,79,1.52,3395.18,2.0,1.0,3330.0,0.0,38000.0
2025-03-08 22:26:46,80,1.09,322218.0,2.0,1.0,3163.0,0.0,38000.0
2025-03-08 22:27:02,81,1.2,3061.18,2.0,1.0,2996.0,0.0,38000.0
2025-03-08 22:27:02,81,1.2,3061.18,2.0,1.0,2996.0,0.0,38000.0
2025-03-08 22:27:22,82,1.89,3061.18,1.0,0.0,,,
2025-03-08 22:27:40,83,1.35,2804.18,2.0,1.0,2829.0,0.0,38000.0
2025-03-08 22:27:54,84,1.0,2727.18,2.0,1.0,2662.0,0.0,38000.0
2025-03-08 22:28:09,85,1.16,2560.18,2.0,1.0,2495.0,0.0,38000.0
2025-03-08 22:28:09,85,1.16,2560.18,2.0,1.0,2495.0,0.0,38000.0
2025-03-08 22:28:44,86,7.38,2560.18,1.0,0.0,,,
2025-03-08 22:28:58,87,1.0,239318.0,2.0,1.0,2328.0,0.0,38000.0
2025-03-08 22:29:14,88,1.18,2226.18,2.0,1.0,2161.0,0.0,38000.0
2025-03-08 22:29:45,89,5.31,2050.18,2.0,1.0,2829.0,0.0,38000.0
2025-03-08 22:30:06,90,2.03,2727.18,2.0,1.0,2662.0,0.0,38000.0
2025-03-08 22:30:30,91,2.8,2560.18,2.0,1.0,2495.0,0.0,38000.0
2025-03-08 22:30:55,92,2.94,239318.0,2.0,1.0,2328.0,0.0,38000.0
2025-03-08 22:30:55,92,2.94,239318.0,2.0,1.0,2328.0,0.0,38000.0
2025-03-08 22:30:55,92,2.94,239318.0,2.0,1.0,2328.0,0.0,38000.0
2025-03-08 22:30:55,92,2.94,239318.0,2.0,1.0,2328.0,0.0,38000.0
2025-03-08 22:31:20,93,2.85,239318.0,1.0,0.0,,,
2025-03-08 22:32:02,94,16.66,239318.0,1.0,0.0,,,
2025-03-08 22:32:26,95,2.85,239318.0,1.0,0.0,,,
2025-03-08 22:32:42,96,1.16,2226.18,2.0,1.0,2161.0,0.0,38000.0
2025-03-08 22:33:03,97,1.0,2050.18,2.0,1.0,1994.0,0.0,38000.0
2025-03-08 22:33:03,97,1.0,2050.18,2.0,1.0,1994.0,0.0,38000.0
2025-03-08 22:33:19,98,1.17,2050.18,1.0,0.0,,,
2025-03-08 22:33:37,99,1.42,1892.18,2.0,1.0,1827.0,0.0,38000.0
2025-03-08 22:34:01,100,2.81,1725.18,2.0,1.0,1660.0,0.0,38000.0
2025-03-08 22:34:45,101,18.6,239318.0,2.0,1.0,2328.0,0.0,38000.0
2025-03-08 22:35:02,102,1.0,2226.18,2.0,1.0,2161.0,0.0,38000.0
2025-03-08 22:35:38,103,8.74,2804.18,2.0,1.0,2829.0,0.0,38000.0
2025-03-08 22:35:52,104,1.0,2727.18,2.0,1.0,2662.0,0.0,38000.0
2025-03-08 22:36:08,105,1.1,2560.18,2.0,1.0,2495.0,0.0,38000.0
2025-03-08 22:36:29,106,1.0,239318.0,2.0,1.0,2328.0,0.0,38000.0
2025-03-08 22:36:50,107,2.03,2226.18,2.0,1.0,2161.0,0.0,38000.0
2025-03-08 22:37:05,108,1.12,2050.18,2.0,1.0,1994.0,0.0,38000.0
2025-03-08 22:37:22,109,1.36,1892.18,2.0,1.0,1827.0,0.0,38000.0
2025-03-08 22:37:37,110,1.0,1725.18,2.0,1.0,1660.0,0.0,38000.0
2025-03-08 22:37:52,111,1.21,1552.18,2.0,1.0,1493.0,0.0,38000.0
2025-03-08 22:38:08,112,1.22,1391.18,2.0,1.0,1326.0,0.0,38000.0
2025-03-08 22:38:29,113,2.03,1224.18,2.0,1.0,1159.0,0.0,38000.0
2025-03-08 22:38:49,114,1.61,1057.18,2.0,1.0,992.0,0.0,38000.0
2025-03-08 22:39:04,115,1.22,890.18,2.0,1.0,825.0,0.0,38000.0
2025-03-08 22:39:04,115,1.22,890.18,2.0,1.0,825.0,0.0,38000.0
2025-03-08 22:39:04,115,1.22,890.18,2.0,1.0,825.0,0.0,38000.0
2025-03-08 22:39:19,116,1.0,890.18,1.0,0.0,,,
2025-03-08 22:39:50,117,5.07,890.18,1.0,0.0,,,
2025-03-08 22:40:12,118,2.22,723.18,2.0,1.0,658.0,0.0,38000.0
2025-03-08 22:40:31,119,1.54,556.18,2.0,1.0,491.0,0.0,38000.0
2025-03-08 22:40:53,120,2.5,380.18,2.0,1.0,324.0,0.0,38000.0
2025-03-08 22:40:53,120,2.5,380.18,2.0,1.0,324.0,0.0,38000.0
2025-03-08 22:41:09,121,1.18,380.18,1.0,0.0,,,
2025-03-08 22:41:27,122,1.47,222.18,2.0,1.0,157.0,0.0,38000.0
2025-03-08 22:41:47,123,1.0,,2.0,1.0,-10.0,0.0,38000.0
2025-03-09 06:36:01,1,2.79,55.18,,,,,
2025-03-09 06:36:40,2,0.0,55.18,,,,,
2025-03-09 06:36:59,3,1.72,55.18,,,,,
2025-03-09 06:37:27,4,4.07,55.18,,,,,
2025-03-09 06:38:07,5,12.642,55.18,,,,,
2025-03-09 06:38:24,6,1.38,55.18,,,,,
2025-03-09 06:38:50,7,3.12,55.18,,,,,
2025-03-09 06:39:13,8,0.0,55.18,,,,,
2025-03-09 06:39:27,9,1.05,55.18,,,,,
2025-03-09 06:40:01,10,7.43,55.18,,,,,
2025-03-09 06:40:42,11,14.76,55.18,,,,,
2025-03-09 06:41:01,12,1.64,55.18,,,,,
2025-03-09 06:41:25,13,2.97,55.18,2.0,,4833.0,0.0,38000.0
2025-03-09 06:41:39,14,0.0,55.18,2.0,,4666.0,0.0,38000.0
2025-03-09 06:42:09,15,4.71,55.18,2.0,,4499.0,0.0,38000.0
2025-03-09 06:42:34,16,2.89,55.18,2.0,,4332.0,0.0,38000.0
2025-03-09 06:42:50,17,1.18,55.18,2.0,,4165.0,0.0,38000.0
2025-03-09 06:43:04,18,1.07,55.18,2.0,,3998.0,0.0,38000.0
2025-03-09 06:43:04,18,1.07,55.18,2.0,,3998.0,0.0,38000.0
2025-03-09 06:43:04,18,1.07,55.18,2.0,,3998.0,0.0,38000.0
2025-03-09 06:43:04,18,1.07,55.18,2.0,,3998.0,0.0,38000.0
2025-03-09 06:43:04,18,1.07,55.18,2.0,,3998.0,0.0,38000.0
2025-03-09 06:43:28,19,2.5,55.18,1.0,,,,
2025-03-09 06:43:46,20,1.54,55.18,1.0,,,,
2025-03-09 06:44:16,21,5.05,55.18,1.0,,,,
2025-03-09 06:44:34,22,1.44,55.18,1.0,,,,
2025-03-09 06:44:48,23,1.05,55.18,2.0,,3831.0,0.0,38000.0
2025-03-09 06:44:48,23,1.05,55.18,2.0,,3831.0,0.0,38000.0
2025-03-09 06:44:48,23,1.05,55.18,2.0,,3831.0,0.0,38000.0
2025-03-09 06:44:48,23,1.05,55.18,2.0,,3831.0,0.0,38000.0
2025-03-09 06:45:03,24,1.02,55.18,1.0,,,,
2025-03-09 06:45:27,25,2.9,55.18,1.0,,,,
2025-03-09 06:46:03,26,8.6,55.18,1.0,,,,
2025-03-09 06:46:29,27,3.32,55.18,2.0,,3664.0,0.0,38000.0
2025-03-09 06:46:48,28,1.67,55.18,2.0,,3497.0,0.0,38000.0
2025-03-09 06:47:19,29,5.17,55.18,2.0,,4165.0,0.0,38000.0
2025-03-09 06:47:19,29,5.17,55.18,2.0,,4165.0,0.0,38000.0
2025-03-09 06:47:44,30,2.93,55.18,1.0,,,,
2025-03-09 06:47:58,31,1.03,55.18,2.0,,3998.0,0.0,38000.0
2025-03-09 06:48:19,32,1.92,55.18,2.0,,3831.0,0.0,38000.0
2025-03-09 06:48:19,32,1.92,55.18,2.0,,3831.0,0.0,38000.0
2025-03-09 06:48:42,33,2.54,55.18,1.0,,,,
2025-03-09 06:48:56,34,1.0,55.18,2.0,,3664.0,0.0,38000.0
2025-03-09 06:49:22,35,3.4,55.18,2.0,,3497.0,0.0,38000.0
2025-03-09 06:49:22,35,3.4,55.18,2.0,,3497.0,0.0,38000.0
2025-03-09 06:49:22,35,3.4,55.18,2.0,,3497.0,0.0,38000.0
2025-03-09 06:49:22,35,3.4,55.18,2.0,,3497.0,0.0,38000.0
2025-03-09 06:49:22,35,3.4,55.18,2.0,,3497.0,0.0,38000.0
2025-03-09 06:49:22,35,3.4,55.18,2.0,,3497.0,0.0,38000.0
2025-03-09 06:49:22,35,3.4,55.18,2.0,,3497.0,0.0,38000.0
2025-03-09 06:49:52,36,4.73,55.18,1.0,,,,
2025-03-09 06:50:20,37,3.95,55.18,1.0,,,,
2025-03-09 06:50:43,38,2.53,55.18,1.0,,,,
2025-03-09 06:51:04,39,1.93,55.18,1.0,,,,
2025-03-09 06:51:35,40,5.27,55.18,1.0,,,,
2025-03-09 06:51:55,41,1.87,55.18,1.0,,,,
2025-03-09 06:52:21,42,3.4,55.18,2.0,,3330.0,0.0,38000.0
2025-03-09 06:52:21,42,3.4,55.18,2.0,,3330.0,0.0,38000.0
2025-03-09 06:52:21,42,3.4,55.18,2.0,,3330.0,0.0,38000.0
2025-03-09 06:52:56,43,7.56,55.18,1.0,,,,
2025-03-09 06:53:14,44,1.51,55.18,1.0,,,,
2025-03-09 06:53:44,45,4.82,55.18,2.0,,3163.0,0.0,38000.0
2025-03-09 06:53:44,45,4.82,55.18,2.0,,3163.0,0.0,38000.0
2025-03-09 06:54:00,46,1.28,55.18,1.0,,,,
2025-03-09 06:54:29,47,4.23,55.18,2.0,,2996.0,0.0,38000.0
2025-03-09 06:54:29,47,4.23,55.18,2.0,,2996.0,0.0,38000.0
2025-03-09 06:54:53,48,2.71,55.18,1.0,,,,
2025-03-09 06:55:15,49,2.29,55.18,2.0,,2829.0,0.0,38000.0
2025-03-09 06:55:15,49,2.29,55.18,2.0,,2829.0,0.0,38000.0
2025-03-09 06:55:15,49,2.29,55.18,2.0,,2829.0,0.0,38000.0
2025-03-09 06:55:52,50,9.96,55.18,1.0,,,,
2025-03-09 06:56:16,51,2.61,55.18,1.0,,,,
2025-03-09 06:56:47,52,5.38,55.18,2.0,,3497.0,0.0,38000.0
2025-03-09 06:56:47,52,5.38,55.18,2.0,,3497.0,0.0,38000.0
2025-03-09 06:57:04,53,1.36,55.18,1.0,,,,
2025-03-09 06:57:28,54,2.68,55.18,2.0,,3330.0,0.0,38000.0
2025-03-09 06:57:52,55,2.5,55.18,2.0,,3163.0,0.0,38000.0
2025-03-09 06:58:20,56,4.05,55.18,2.0,,2996.0,0.0,38000.0
2025-03-09 06:58:41,57,2.12,55.18,2.0,,2829.0,0.0,38000.0
2025-03-09 06:58:57,58,1.2,55.18,2.0,,2662.0,0.0,38000.0
2025-03-09 06:59:16,59,1.0,55.18,2.0,,2495.0,0.0,38000.0
2025-03-09 06:59:16,59,1.0,55.18,2.0,,2495.0,0.0,38000.0
2025-03-09 06:59:16,59,1.0,55.18,2.0,,2495.0,0.0,38000.0
2025-03-09 06:59:32,60,1.22,55.18,1.0,,,,
2025-03-09 06:59:55,61,2.59,55.18,1.0,,,,
2025-03-09 07:00:17,62,2.1,55.18,2.0,,2328.0,0.0,38000.0
2025-03-09 07:00:34,63,1.29,55.18,2.0,,2161.0,0.0,38000.0
2025-03-09 07:01:22,64,31.25,55.18,2.0,,2829.0,0.0,38000.0
2025-03-09 07:01:22,64,31.25,55.18,2.0,,2829.0,0.0,38000.0
2025-03-09 07:01:56,65,7.6,55.18,1.0,,,,
2025-03-09 07:02:16,66,1.69,55.18,2.0,,2662.0,0.0,38000.0
2025-03-09 07:02:40,67,2.65,55.18,2.0,,2495.0,0.0,38000.0
2025-03-09 07:02:40,67,2.65,55.18,2.0,,2495.0,0.0,38000.0
2025-03-09 07:03:03,68,2.49,55.18,1.0,,,,
2025-03-09 07:03:17,69,1.0,55.18,2.0,,2328.0,0.0,38000.0
2025-03-09 07:03:44,70,3.97,55.18,2.0,,2161.0,0.0,38000.0
2025-03-09 07:03:44,70,3.97,55.18,2.0,,2161.0,0.0,38000.0
2025-03-09 07:04:06,71,1.98,55.18,1.0,,,,
2025-03-09 07:04:27,72,2.15,55.18,2.0,,1994.0,0.0,38000.0
2025-03-09 07:04:53,73,3.39,55.18,2.0,,1827.0,0.0,38000.0
2025-03-09 07:04:53,73,3.39,55.18,2.0,,1827.0,0.0,38000.0
2025-03-09 07:04:53,73,3.39,55.18,2.0,,1827.0,0.0,38000.0
2025-03-09 07:04:53,73,3.39,55.18,2.0,,1827.0,0.0,38000.0
2025-03-09 07:05:09,74,1.15,55.18,1.0,,,,
2025-03-09 07:05:33,75,2.36,55.18,1.0,,,,
2025-03-09 07:05:52,76,1.85,55.18,1.0,,,,
2025-03-09 07:06:17,77,2.88,55.18,2.0,,1660.0,0.0,38000.0
2025-03-09 07:06:17,77,2.88,55.18,2.0,,1660.0,0.0,38000.0
2025-03-09 07:06:36,78,1.69,55.18,1.0,,,,
2025-03-09 07:07:01,79,3.1,55.18,2.0,,1493.0,0.0,38000.0
2025-03-09 07:07:01,79,3.1,55.18,2.0,,1493.0,0.0,38000.0
2025-03-09 07:07:15,80,1.01,55.18,1.0,,,,
2025-03-09 07:07:30,81,1.12,55.18,2.0,,1326.0,0.0,38000.0
2025-03-09 07:07:49,82,0.0,55.18,2.0,,1159.0,0.0,38000.0
2025-03-09 07:08:05,83,1.11,55.18,2.0,,992.0,0.0,38000.0
2025-03-09 07:08:05,83,1.11,55.18,2.0,,992.0,0.0,38000.0
2025-03-09 07:08:05,83,1.11,55.18,2.0,,992.0,0.0,38000.0
2025-03-09 07:08:05,83,1.11,55.18,2.0,,992.0,0.0,38000.0
2025-03-09 07:08:05,83,1.11,55.18,2.0,,992.0,0.0,38000.0
2025-03-09 07:08:05,83,1.11,55.18,2.0,,992.0,0.0,38000.0
2025-03-09 07:08:26,84,2.07,55.18,1.0,,,,
2025-03-09 07:08:45,85,1.69,55.18,1.0,,,,
2025-03-09 07:09:00,86,1.02,55.18,1.0,,,,
2025-03-09 07:09:30,87,5.13,55.18,1.0,,,,
2025-03-09 07:09:56,88,3.44,55.18,1.0,,,,
2025-03-09 07:10:14,89,1.38,55.18,2.0,,825.0,0.0,38000.0
2025-03-09 07:10:14,89,1.38,55.18,2.0,,825.0,0.0,38000.0
2025-03-09 07:10:14,89,1.38,55.18,2.0,,825.0,0.0,38000.0
2025-03-09 07:10:53,90,12.01,55.18,1.0,,,,
2025-03-09 07:11:15,91,2.32,55.18,1.0,,,,
2025-03-09 07:11:30,92,1.14,55.18,2.0,,658.0,0.0,38000.0
2025-03-09 07:11:30,92,1.14,55.18,2.0,,658.0,0.0,38000.0
2025-03-09 07:11:30,92,1.14,55.18,2.0,,658.0,0.0,38000.0
2025-03-09 07:11:45,93,1.1,55.18,1.0,,,,
2025-03-09 07:12:01,94,1.17,55.18,1.0,,,,
2025-03-09 07:12:20,95,0.0,55.18,2.0,,491.0,0.0,38000.0
2025-03-09 07:12:36,96,1.19,55.18,2.0,,324.0,0.0,38000.0
2025-03-09 07:12:36,96,1.19,55.18,2.0,,324.0,0.0,38000.0
2025-03-09 07:12:36,96,1.19,55.18,2.0,,324.0,0.0,38000.0
2025-03-09 07:12:36,96,1.19,55.18,2.0,,324.0,0.0,38000.0
2025-03-09 07:12:36,96,1.19,55.18,2.0,,324.0,0.0,38000.0
2025-03-09 07:12:36,96,1.19,55.18,2.0,,324.0,0.0,38000.0
2025-03-09 07:12:36,96,1.19,55.18,2.0,,324.0,0.0,38000.0
2025-03-09 07:12:36,96,1.19,55.18,2.0,,324.0,0.0,38000.0
2025-03-09 07:12:36,96,1.19,55.18,2.0,,324.0,0.0,38000.0
2025-03-09 07:12:36,96,1.19,55.18,2.0,,324.0,0.0,38000.0
2025-03-09 07:12:59,97,2.52,55.18,1.0,,,,
2025-03-09 07:13:16,98,1.29,55.18,1.0,,,,
2025-03-09 07:13:32,99,1.17,55.18,1.0,,,,
2025-03-09 07:13:49,100,1.43,55.18,1.0,,,,
2025-03-09 07:14:07,101,1.46,55.18,1.0,,,,
2025-03-09 07:14:32,102,2.99,55.18,1.0,,,,
2025-03-09 07:14:49,103,1.34,55.18,1.0,,,,
2025-03-09 07:15:22,104,6.43,55.18,1.0,,,,
2025-03-09 07:15:38,105,1.26,55.18,1.0,,,,
2025-03-09 07:16:05,106,3.63,55.18,2.0,,157.0,0.0,38000.0
2025-03-09 07:16:05,106,3.63,55.18,2.0,,157.0,0.0,38000.0
2025-03-09 07:16:30,107,2.92,55.18,1.0,,,,
2025-03-09 07:16:53,108,2.32,55.18,2.0,,-10.0,0.0,38000.0
2025-03-09 07:16:53,108,2.32,55.18,2.0,,-10.0,0.0,38000.0
2025-03-09 07:16:53,108,2.32,55.18,2.0,,-10.0,0.0,38000.0
2025-03-09 07:16:53,108,2.32,55.18,2.0,,-10.0,0.0,38000.0
2025-03-09 07:16:53,108,2.32,55.18,2.0,,-10.0,0.0,38000.0
2025-03-09 07:16:53,108,2.32,55.18,2.0,,-10.0,0.0,38000.0
2025-03-09 07:17:07,109,1.0,55.18,1.0,,,,
2025-03-09 07:17:21,110,0.0,55.18,1.0,,,,
2025-03-09 07:17:45,111,2.09,55.18,1.0,,,,
2025-03-09 07:18:10,112,3.72,55.18,1.0,,,,
2025-03-09 07:18:26,113,1.19,55.18,1.0,,,,
2025-03-09 07:18:55,114,4.52,55.18,2.0,,-177.0,0.0,38000.0
2025-03-09 07:18:55,114,4.52,55.18,2.0,,-177.0,0.0,38000.0
2025-03-09 07:19:29,115,0.0,55.18,1.0,,,,
2025-03-09 07:20:01,116,6.25,55.18,2.0,,491.0,0.0,38000.0
2025-03-09 07:20:01,116,6.25,55.18,2.0,,491.0,0.0,38000.0
2025-03-09 07:20:30,117,0.0,55.18,1.0,,,,
2025-03-09 07:20:57,118,3.37,55.18,2.0,,324.0,0.0,38000.0
2025-03-09 07:21:28,119,5.73,55.18,2.0,,992.0,0.0,38000.0
2025-03-09 07:21:28,119,5.73,55.18,2.0,,992.0,0.0,38000.0
2025-03-09 07:21:46,120,1.46,55.18,1.0,,,,
2025-03-09 07:22:17,121,0.0,55.18,2.0,,825.0,0.0,38000.0
2025-03-09 07:22:36,122,1.48,55.18,2.0,,658.0,0.0,38000.0
2025-03-09 07:22:36,122,1.48,55.18,2.0,,658.0,0.0,38000.0
2025-03-09 07:22:57,123,2.18,55.18,1.0,,,,
2025-03-09 07:23:18,124,2.16,55.18,2.0,,491.0,0.0,38000.0
2025-03-09 07:23:18,124,2.16,55.18,2.0,,491.0,0.0,38000.0
2025-03-09 07:23:18,124,2.16,55.18,2.0,,491.0,0.0,38000.0
2025-03-09 07:23:56,125,11.66,55.18,1.0,,,,
2025-03-09 07:24:26,126,4.44,55.18,1.0,,,,
2025-03-09 07:24:44,127,1.5,55.18,2.0,,324.0,0.0,38000.0
2025-03-09 07:24:44,127,1.5,55.18,2.0,,324.0,0.0,38000.0
2025-03-09 07:24:44,127,1.5,55.18,2.0,,324.0,0.0,38000.0
2025-03-09 07:24:44,127,1.5,55.18,2.0,,324.0,0.0,38000.0
2025-03-09 07:24:44,127,1.5,55.18,2.0,,324.0,0.0,38000.0
2025-03-09 07:24:44,127,1.5,55.18,2.0,,324.0,0.0,38000.0
2025-03-09 07:25:02,128,1.48,55.18,1.0,,,,
2025-03-09 07:25:28,129,3.37,55.18,1.0,,,,
2025-03-09 07:25:56,130,3.72,55.18,1.0,,,,
2025-03-09 07:26:30,131,7.37,55.18,1.0,,,,
2025-03-09 07:26:46,132,1.23,55.18,1.0,,,,
2025-03-09 07:27:23,133,10.66,55.18,2.0,,992.0,0.0,38000.0
2025-03-09 07:27:23,133,10.66,55.18,2.0,,992.0,0.0,38000.0
2025-03-09 07:27:40,134,1.18,55.18,1.0,,,,
2025-03-09 07:27:54,135,1.06,55.18,2.0,,825.0,0.0,38000.0
2025-03-09 07:28:35,136,14.7,55.18,2.0,,1493.0,0.0,38000.0
2025-03-09 07:29:01,137,3.33,55.18,2.0,,1326.0,0.0,38000.0
2025-03-09 07:29:31,138,5.04,55.18,2.0,,1994.0,0.0,38000.0
2025-03-09 07:29:46,139,1.09,55.18,2.0,,1827.0,0.0,38000.0
2025-03-09 07:30:14,140,4.14,55.18,2.0,,1660.0,0.0,38000.0
2025-03-09 07:30:33,141,1.59,55.18,2.0,,1493.0,0.0,38000.0
2025-03-09 07:30:49,142,1.0,55.18,2.0,,1326.0,0.0,38000.0
2025-03-09 07:31:08,143,1.94,55.18,2.0,,1159.0,0.0,38000.0
2025-03-09 07:31:08,143,1.94,55.18,2.0,,1159.0,0.0,38000.0
2025-03-09 07:31:31,144,2.41,55.18,1.0,,,,
2025-03-09 07:31:46,145,1.13,55.18,2.0,,992.0,0.0,38000.0
2025-03-09 07:32:04,146,1.42,55.18,2.0,,825.0,0.0,38000.0
2025-03-09 07:32:18,147,1.07,55.18,2.0,,658.0,0.0,38000.0
2025-03-09 07:32:35,148,1.26,55.18,2.0,,491.0,0.0,38000.0
2025-03-09 07:32:58,149,2.29,55.18,2.0,,324.0,0.0,38000.0
2025-03-09 07:33:30,150,6.56,55.18,2.0,,992.0,0.0,38000.0
2025-03-09 07:33:52,151,1.96,55.18,2.0,,825.0,0.0,38000.0
2025-03-09 07:34:54,152,120.8,55.18,2.0,,1493.0,0.0,38000.0
2025-03-09 07:34:54,152,120.8,55.18,2.0,,1493.0,0.0,38000.0
2025-03-09 07:35:32,153,12.2,55.18,1.0,,,,
2025-03-09 07:36:06,154,7.07,55.18,2.0,,2161.0,0.0,38000.0
2025-03-09 07:36:22,155,1.2,55.18,2.0,,1994.0,0.0,38000.0
2025-03-09 07:36:22,155,1.2,55.18,2.0,,1994.0,0.0,38000.0
2025-03-09 07:36:47,156,3.24,55.18,1.0,,,,
2025-03-09 07:37:18,157,5.54,55.18,2.0,,2662.0,0.0,38000.0
2025-03-09 07:37:40,158,2.08,55.18,2.0,,2495.0,0.0,38000.0
2025-03-09 07:38:24,159,19.4,55.18,2.0,,3163.0,0.0,38000.0
2025-03-09 07:38:43,160,1.71,55.18,2.0,,2996.0,0.0,38000.0
2025-03-09 07:39:03,161,1.8,55.18,2.0,,2829.0,0.0,38000.0
2025-03-09 07:39:23,162,1.75,55.18,2.0,,2662.0,0.0,38000.0
2025-03-09 07:39:54,163,5.82,55.18,2.0,,3330.0,0.0,38000.0
2025-03-09 07:40:19,164,2.96,55.18,2.0,,3163.0,0.0,38000.0
2025-03-09 07:40:35,165,1.0,55.18,2.0,,2996.0,0.0,38000.0
2025-03-09 07:40:54,166,1.53,55.18,2.0,,2829.0,0.0,38000.0
2025-03-09 07:40:54,166,1.53,55.18,2.0,,2829.0,0.0,38000.0
2025-03-09 07:41:11,167,4.0,55.18,1.0,,,,
2025-03-09 07:41:29,168,1.57,55.18,2.0,,2662.0,0.0,38000.0
2025-03-09 07:41:46,169,41.0,55.18,2.0,,3330.0,0.0,38000.0
2025-03-09 07:42:18,170,5.87,55.18,2.0,,3998.0,0.0,38000.0
2025-03-09 07:42:36,171,1.43,55.18,2.0,,3831.0,0.0,38000.0
2025-03-09 07:43:06,172,4.09,55.18,2.0,,3664.0,0.0,38000.0
2025-03-09 07:43:06,172,4.09,55.18,2.0,,3664.0,0.0,38000.0
2025-03-09 07:43:26,173,2.16,55.18,1.0,,,,
2025-03-09 07:43:41,174,1.01,55.18,2.0,,3497.0,0.0,38000.0
2025-03-09 07:43:58,175,1.56,55.18,2.0,,3330.0,0.0,38000.0
2025-03-09 07:44:16,176,1.0,55.18,2.0,,3163.0,0.0,38000.0
2025-03-09 07:44:41,177,3.07,55.18,2.0,,2996.0,0.0,38000.0
2025-03-09 07:44:59,178,1.53,55.18,2.0,,2829.0,0.0,38000.0
2025-03-09 07:45:14,179,1.1,55.18,2.0,,2662.0,0.0,38000.0
2025-03-09 07:45:31,180,1.33,55.18,2.0,,2495.0,0.0,38000.0
2025-03-09 07:45:55,181,2.63,55.18,2.0,,2328.0,0.0,38000.0
2025-03-09 07:47:05,182,211.3,55.18,2.0,,2996.0,0.0,38000.0
2025-03-09 07:47:05,182,211.3,55.18,2.0,,2996.0,0.0,38000.0
2025-03-09 07:47:05,182,211.3,55.18,2.0,,2996.0,0.0,38000.0
2025-03-09 07:47:05,182,211.3,55.18,2.0,,2996.0,0.0,38000.0
2025-03-09 07:47:19,183,0.0,55.18,1.0,,,,
2025-03-09 07:47:40,184,2.3,55.18,2.0,,2829.0,0.0,38000.0
2025-03-09 07:48:05,185,2.82,55.18,2.0,,2662.0,0.0,38000.0
2025-03-09 07:48:05,185,2.82,55.18,2.0,,2662.0,0.0,38000.0
2025-03-09 07:48:22,186,1.33,55.18,1.0,,,,
2025-03-09 07:48:36,187,1.0,55.18,2.0,,2495.0,0.0,38000.0
2025-03-09 07:48:56,188,1.84,55.18,2.0,,2328.0,0.0,38000.0
2025-03-09 07:49:33,189,8.52,55.18,2.0,,2996.0,0.0,38000.0
2025-03-09 07:50:08,190,6.0,55.18,2.0,,3664.0,0.0,38000.0
2025-03-09 07:50:32,191,2.26,55.18,2.0,,3497.0,0.0,38000.0
2025-03-09 07:50:52,192,2.13,55.18,2.0,,3330.0,0.0,38000.0
2025-03-09 07:51:30,193,10.6,55.18,2.0,,3998.0,0.0,38000.0
2025-03-09 07:51:59,194,4.56,55.18,2.0,,3831.0,0.0,38000.0
2025-03-09 07:52:14,195,1.13,55.18,2.0,,3664.0,0.0,38000.0
2025-03-09 07:53:01,196,24.8,55.18,2.0,,4332.0,0.0,38000.0
2025-03-09 07:53:19,197,1.46,55.18,2.0,,4165.0,0.0,38000.0
2025-03-09 07:53:47,198,4.21,55.18,2.0,,3998.0,0.0,38000.0
2025-03-09 07:54:04,199,1.34,55.18,2.0,,3831.0,0.0,38000.0
2025-03-09 07:54:25,200,2.12,55.18,2.0,,3664.0,0.0,38000.0
2025-03-09 07:54:54,201,4.17,55.18,2.0,,3497.0,0.0,38000.0
2025-03-09 07:54:54,201,4.17,55.18,2.0,,3497.0,0.0,38000.0
2025-03-10 18:31:58,1,1.25,3960.63,,,,,
2025-03-10 18:32:21,2,3.02,3960.63,,,,,
2025-03-10 18:32:40,3,4.0,3960.63,,,,,
2025-03-10 18:33:20,4,1.87,3960.63,,,,,
2025-03-10 18:33:47,5,9.58,3960.63,,,,,
2025-03-10 18:34:18,6,3.22,3960.63,,,,,
2025-03-10 18:35:00,7,2.1,3960.63,,,,,
2025-03-10 18:35:37,8,2.37,3960.63,,,,,
2025-03-10 18:35:52,9,1.14,3960.63,,,,,
2025-03-10 18:36:23,10,1.41,3960.63,,,,,
2025-03-10 18:37:04,11,3.0,3960.63,,,,,
2025-03-10 21:11:25,12,2.42,,,,,,
2025-03-10 21:11:44,13,0.0,,2.0,1.0,4483.0,4000.0,7000.0
2025-03-10 21:11:44,13,0.0,,2.0,1.0,4483.0,4000.0,7000.0
2025-03-10 21:11:44,13,0.0,,2.0,1.0,4483.0,4000.0,7000.0
2025-03-10 21:13:17,14,1.73,4451.04,1.0,1.0,,,
2025-03-10 21:13:36,15,1.22,4451.04,1.0,0.0,,,
2025-03-10 21:13:49,16,1.31,4434.04,2.0,1.0,4466.0,4000.0,7000.0
2025-03-10 21:13:49,16,1.31,4434.04,2.0,1.0,4466.0,4000.0,7000.0
2025-03-10 21:13:49,16,1.31,4434.04,2.0,1.0,4466.0,4000.0,7000.0
2025-03-10 21:14:30,17,14.46,4434.04,1.0,0.0,,,
2025-03-10 21:14:45,18,1.2,4434.04,1.0,0.0,,,
2025-03-10 21:15:01,19,1.24,4417.04,2.0,1.0,4449.0,4000.0,7000.0
2025-03-10 21:15:17,20,1.09,4400.94,2.0,1.0,4432.0,4000.0,7000.0
2025-03-10 21:15:44,21,3.66,4423.72,2.0,1.0,4415.0,4000.0,7000.0
2025-03-10 21:16:11,22,3.83,4406.72,2.0,1.0,4398.0,4000.0,7000.0
2025-03-10 21:16:58,23,25.45,4474.72,2.0,1.0,4466.0,4000.0,7000.0
2025-03-10 21:17:36,24,12.06,4542.72,2.0,1.0,4534.0,4000.0,7000.0
2025-03-10 21:18:06,25,4.44,4525.72,2.0,1.0,4517.0,4000.0,7000.0
2025-03-10 21:18:23,26,1.36,4508.72,2.0,1.0,4500.0,4000.0,7000.0
2025-03-10 21:18:23,26,1.36,4508.72,2.0,1.0,4500.0,4000.0,7000.0
2025-03-10 21:18:23,26,1.36,4508.72,2.0,1.0,4500.0,4000.0,7000.0
2025-03-10 21:18:42,27,1.66,4508.72,1.0,0.0,,,
2025-03-10 21:18:58,28,1.23,4508.72,1.0,0.0,,,
2025-03-10 21:19:22,29,2.68,4491.72,2.0,1.0,4483.0,4000.0,7000.0
2025-03-10 21:19:55,30,6.37,4542.72,2.0,1.0,4551.0,4000.0,7000.0
2025-03-10 21:20:17,31,2.22,4542.72,2.0,1.0,4534.0,4000.0,7000.0
2025-03-10 21:20:32,32,1.13,4525.72,2.0,1.0,4517.0,4000.0,7000.0
2025-03-10 21:20:50,33,1.39,4508.72,2.0,1.0,4500.0,4000.0,7000.0
2025-03-10 21:20:50,33,1.39,4508.72,2.0,1.0,4500.0,4000.0,7000.0
2025-03-10 21:21:07,34,1.44,4508.72,1.0,0.0,,,
2025-03-10 21:21:34,35,3.45,4491.72,2.0,1.0,4483.0,4000.0,7000.0
2025-03-10 21:21:55,36,2.1,4474.72,2.0,1.0,4466.0,4000.0,7000.0
2025-03-10 21:22:30,37,7.28,4542.72,2.0,1.0,4534.0,4000.0,7000.0
2025-03-10 21:22:54,38,3.04,4525.72,2.0,1.0,4517.0,4000.0,7000.0
2025-03-10 21:23:59,39,59.56,4593.72,2.0,1.0,4585.0,4000.0,7000.0
2025-03-10 21:23:59,39,59.56,4593.72,2.0,1.0,4585.0,4000.0,7000.0
2025-03-10 21:24:08,40,1.0,4593.72,1.0,0.0,,,
2025-03-10 21:24:25,41,2.06,4576.72,2.0,1.0,4568.0,4000.0,7000.0
2025-03-10 21:25:41,42,7.98,4542.72,2.0,1.0,4636.0,4000.0,7000.0
2025-03-10 21:25:41,42,7.98,4542.72,2.0,1.0,4636.0,4000.0,7000.0
2025-03-10 21:25:41,42,7.98,4542.72,2.0,,4636.0,4000.0,7000.0
2025-03-10 21:25:41,42,7.98,4542.72,2.0,,4636.0,4000.0,7000.0
2025-03-10 21:25:53,43,1.28,4542.72,1.0,1.0,,,
2025-03-10 21:26:32,44,13.3,4610.72,2.0,1.0,4704.0,4000.0,7000.0
2025-03-10 21:26:53,45,1.79,4593.72,2.0,1.0,4687.0,4000.0,7000.0
2025-03-10 21:27:11,46,1.53,4576.72,2.0,1.0,4670.0,4000.0,7000.0
2025-03-10 21:27:33,47,2.09,4550.72,2.0,1.0,4653.0,4000.0,7000.0
2025-03-10 21:27:49,48,1.32,4542.72,2.0,1.0,4636.0,4000.0,7000.0
2025-03-10 21:28:22,49,6.39,,2.0,1.0,4704.0,4000.0,7000.0
2025-03-10 21:28:48,50,3.44,4593.72,2.0,1.0,4687.0,4000.0,7000.0
2025-03-10 21:28:48,50,3.44,4593.72,2.0,1.0,4687.0,4000.0,7000.0
2025-03-10 21:29:12,51,2.47,4576.72,2.0,0.0,,,
2025-03-10 21:29:31,52,1.37,4550.72,2.0,1.0,4670.0,4000.0,7000.0
2025-03-10 21:29:47,53,1.55,4542.72,2.0,1.0,4653.0,4000.0,7000.0
2025-03-10 21:30:02,54,1.12,4525.72,2.0,1.0,4636.0,4000.0,7000.0
2025-03-10 21:30:24,55,2.36,4508.72,2.0,1.0,4619.0,4000.0,7000.0
2025-03-10 21:30:53,56,4.36,4491.72,2.0,1.0,4602.0,4000.0,7000.0
2025-03-10 21:31:13,57,1.74,4474.72,2.0,1.0,4585.0,4000.0,7000.0
2025-03-10 21:31:29,58,1.23,4457.72,2.0,1.0,4568.0,4000.0,7000.0
2025-03-10 21:31:51,59,2.19,4440.72,2.0,1.0,4551.0,4000.0,7000.0
2025-03-10 21:32:20,60,4.4,4423.72,2.0,1.0,4534.0,4000.0,7000.0
2025-03-10 21:33:01,61,1.0,4491.72,2.0,1.0,4517.0,4000.0,7000.0
2025-03-10 21:33:26,62,3.03,4474.72,2.0,1.0,4500.0,4000.0,7000.0
2025-03-10 21:33:49,63,2.42,4457.72,2.0,1.0,4483.0,4000.0,7000.0
2025-03-10 21:34:19,64,4.86,4440.72,2.0,1.0,4466.0,4000.0,7000.0
2025-03-10 21:34:19,64,4.86,4440.72,2.0,1.0,4466.0,4000.0,7000.0
2025-03-10 21:34:36,65,1.35,4440.72,1.0,0.0,,,
2025-03-10 21:34:54,66,1.0,4423.72,2.0,1.0,4449.0,4000.0,7000.0
2025-03-10 21:35:26,67,6.31,4491.72,2.0,1.0,4517.0,4000.0,7000.0
2025-03-10 21:35:26,67,6.31,4491.72,2.0,1.0,4517.0,4000.0,7000.0
2025-03-10 21:35:53,68,3.54,4491.72,1.0,0.0,,,
2025-03-10 21:36:21,69,4.05,4474.72,2.0,1.0,4500.0,4000.0,7000.0
2025-03-10 21:36:21,69,4.05,4474.72,2.0,1.0,4500.0,4000.0,7000.0
2025-03-10 21:36:35,70,1.02,4474.72,1.0,0.0,,,
2025-03-10 21:36:57,71,2.16,4457.72,2.0,1.0,4483.0,4000.0,7000.0
2025-03-10 21:36:57,71,2.16,4457.72,2.0,1.0,4483.0,4000.0,7000.0
2025-03-10 21:37:14,72,1.42,4457.72,1.0,0.0,,,
2025-03-10 21:37:31,73,1.32,4440.72,2.0,1.0,4466.0,4000.0,7000.0
2025-03-10 21:37:50,74,1.72,4423.72,2.0,1.0,4449.0,4000.0,7000.0
2025-03-10 21:37:50,74,1.72,4423.72,2.0,1.0,4449.0,4000.0,7000.0
2025-03-10 21:37:50,74,1.72,4423.72,2.0,1.0,4449.0,4000.0,7000.0
2025-03-10 21:37:50,74,1.72,4423.72,2.0,1.0,4449.0,4000.0,7000.0
2025-03-10 21:37:50,74,1.72,4423.72,2.0,1.0,4449.0,4000.0,7000.0
2025-03-10 21:37:50,74,1.72,4423.72,2.0,1.0,4449.0,4000.0,7000.0
2025-03-10 21:37:50,74,1.72,4423.72,2.0,1.0,4449.0,4000.0,7000.0
2025-03-10 21:37:50,74,1.72,4423.72,2.0,1.0,4449.0,4000.0,7000.0
2025-03-10 21:38:14,75,2.17,4423.72,1.0,0.0,,,
2025-03-10 21:38:33,76,1.8,4423.72,1.0,0.0,,,
2025-03-10 21:38:55,77,2.22,4423.72,1.0,0.0,,,
2025-03-10 21:39:35,78,1.356,4423.72,1.0,0.0,,,
2025-03-10 21:39:59,79,1.0,4423.72,1.0,0.0,,,
2025-03-10 21:40:28,80,1.06,4423.72,1.0,0.0,,,
2025-03-10 21:40:59,81,6.0,4423.72,1.0,0.0,,,
2025-03-10 21:41:27,82,3.87,4406.72,2.0,1.0,4432.0,4000.0,7000.0
2025-03-10 21:42:03,83,9.38,4474.72,2.0,1.0,4500.0,4000.0,7000.0
2025-03-10 21:42:03,83,9.38,4474.72,2.0,1.0,4500.0,4000.0,7000.0
2025-03-10 21:42:30,84,3.49,4474.72,1.0,0.0,,,
2025-03-10 21:42:44,85,1.01,4457.72,2.0,1.0,4483.0,4000.0,7000.0
2025-03-10 21:43:13,86,4.61,4440.72,2.0,1.0,4466.0,4000.0,7000.0
2025-03-10 21:43:13,86,4.61,4440.72,2.0,1.0,4466.0,4000.0,7000.0
2025-03-10 21:43:30,87,1.36,4440.72,1.0,0.0,,,
2025-03-10 21:43:51,88,2.02,4423.72,2.0,1.0,4449.0,4000.0,7000.0
2025-03-10 21:44:17,89,3.19,4406.72,2.0,1.0,4432.0,4000.0,7000.0
2025-03-10 21:44:17,89,3.19,4406.72,2.0,1.0,4432.0,4000.0,7000.0
2025-03-10 21:44:32,90,1.02,4406.72,1.0,0.0,,,
2025-03-10 21:45:03,91,5.62,4389.72,2.0,1.0,4500.0,4000.0,7000.0
2025-03-10 21:45:03,91,5.62,4389.72,2.0,1.0,4500.0,4000.0,7000.0
2025-03-10 21:45:28,92,3.11,4474.72,1.0,0.0,,,
2025-03-10 21:45:43,93,1.13,4457.72,2.0,1.0,4483.0,4000.0,7000.0
2025-03-10 21:45:43,93,1.13,4457.72,2.0,1.0,4483.0,4000.0,7000.0
2025-03-10 21:45:43,93,1.13,4457.72,2.0,1.0,4483.0,4000.0,7000.0
2025-03-10 21:45:43,93,1.13,4457.72,2.0,1.0,4483.0,4000.0,7000.0
2025-03-10 21:45:43,93,1.13,4457.72,2.0,1.0,4483.0,4000.0,7000.0
2025-03-10 21:45:43,93,1.13,4457.72,2.0,1.0,4483.0,4000.0,7000.0
2025-03-10 21:45:43,93,1.13,4457.72,2.0,1.0,4483.0,4000.0,7000.0
2025-03-10 21:46:07,94,2.49,4457.72,1.0,0.0,,,
2025-03-10 21:46:31,95,2.6,4457.72,1.0,0.0,,,
2025-03-10 21:46:51,96,1.97,4457.72,1.0,0.0,,,
2025-03-10 21:47:18,97,3.31,4457.72,1.0,0.0,,,
2025-03-10 21:47:52,98,7.98,4457.72,1.0,0.0,,,
2025-03-10 21:48:07,99,1.01,4457.72,1.0,0.0,,,
2025-03-10 21:48:30,100,2.52,4440.72,2.0,1.0,4466.0,4000.0,7000.0
2025-03-10 21:49:07,101,10.85,4508.72,2.0,1.0,4534.0,4000.0,7000.0
2025-03-10 21:49:07,101,10.85,4508.72,2.0,1.0,4534.0,4000.0,7000.0
2025-03-10 21:49:44,102,8.57,4508.72,1.0,0.0,,,
2025-03-10 21:50:11,103,3.94,4491.72,2.0,1.0,4517.0,4000.0,7000.0
2025-03-10 21:50:11,103,3.94,4491.72,2.0,1.0,4517.0,4000.0,7000.0
2025-03-10 21:50:11,103,3.94,4491.72,2.0,1.0,4517.0,4000.0,7000.0
2025-03-10 21:50:11,103,3.94,4491.72,2.0,1.0,4517.0,4000.0,7000.0
2025-03-10 21:50:11,103,3.94,4491.72,2.0,1.0,4517.0,4000.0,7000.0
2025-03-10 21:50:32,104,1.94,4491.72,1.0,0.0,,,
2025-03-10 21:51:01,105,4.51,4491.72,1.0,0.0,,,
2025-03-10 21:51:34,106,6.58,4491.72,1.0,0.0,,,
2025-03-10 21:51:55,107,2.03,4491.72,1.0,0.0,,,
2025-03-10 21:52:18,108,2.42,4474.72,2.0,1.0,4500.0,4000.0,7000.0
2025-03-10 21:52:18,108,2.42,4474.72,2.0,1.0,4500.0,4000.0,7000.0
2025-03-10 21:52:38,109,1.64,4474.72,1.0,0.0,,,
2025-03-10 21:52:54,110,1.32,4457.72,2.0,1.0,4483.0,4000.0,7000.0
2025-03-10 21:52:54,110,1.32,4457.72,2.0,1.0,4483.0,4000.0,7000.0
2025-03-10 21:52:54,110,1.32,4457.72,2.0,1.0,4483.0,4000.0,7000.0
2025-03-10 21:54:21,111,1.1,4457.72,1.0,0.0,,,
2025-03-10 21:54:21,111,1.1,4457.72,1.0,,,,
2025-03-10 21:54:36,112,1.2,4457.72,1.0,0.0,,,
2025-03-10 21:55:22,113,25.36,4525.72,2.0,1.0,4551.0,4000.0,7000.0
2025-03-10 21:55:40,114,1.37,4508.72,2.0,1.0,4534.0,4000.0,7000.0
2025-03-10 21:56:00,115,1.92,4491.72,2.0,1.0,4517.0,4000.0,7000.0
2025-03-10 21:56:51,116,37.14,4550.72,2.0,1.0,4585.0,4000.0,7000.0
2025-03-10 21:57:11,117,1.8,4542.72,2.0,1.0,4568.0,4000.0,7000.0
2025-03-10 21:57:45,118,7.72,4610.72,2.0,1.0,4636.0,4000.0,7000.0
2025-03-10 21:58:03,119,1.44,4593.72,2.0,1.0,4619.0,4000.0,7000.0
2025-03-10 21:58:28,120,2.98,4576.72,2.0,1.0,4602.0,4000.0,7000.0
2025-03-10 21:58:50,121,2.22,4550.72,2.0,1.0,4585.0,4000.0,7000.0
2025-03-10 21:59:11,122,1.0,4542.72,2.0,1.0,4568.0,4000.0,7000.0
2025-03-10 21:59:31,123,1.76,4525.72,2.0,1.0,4551.0,4000.0,7000.0
2025-03-10 21:59:45,124,1.0,4508.72,2.0,1.0,4534.0,4000.0,7000.0
2025-03-10 22:00:03,125,1.58,4491.72,2.0,1.0,4517.0,4000.0,7000.0
2025-03-10 22:00:24,126,1.84,4474.72,2.0,1.0,4500.0,4000.0,7000.0
2025-03-10 22:00:51,127,3.72,4457.72,2.0,1.0,4483.0,4000.0,7000.0
2025-03-10 22:01:32,128,13.96,4525.72,2.0,1.0,4551.0,4000.0,7000.0
2025-03-10 22:01:32,128,13.96,4525.72,2.0,1.0,4551.0,4000.0,7000.0
2025-03-10 22:01:49,129,0.0,4525.72,1.0,0.0,,,
2025-03-10 22:02:05,130,1.02,4508.72,2.0,1.0,4534.0,4000.0,7000.0
2025-03-10 22:02:27,131,2.66,4491.72,2.0,1.0,4517.0,4000.0,7000.0
2025-03-10 22:02:48,132,1.98,4474.72,2.0,1.0,4500.0,4000.0,7000.0
2025-03-10 22:03:08,133,1.3,4457.72,2.0,1.0,4483.0,4000.0,7000.0
2025-03-10 22:03:08,133,1.3,4457.72,2.0,1.0,4483.0,4000.0,7000.0
2025-03-10 22:03:08,133,1.3,4457.72,2.0,1.0,4483.0,4000.0,7000.0
2025-03-10 22:03:08,133,1.3,4457.72,2.0,1.0,4483.0,4000.0,7000.0
2025-03-10 22:03:35,134,0.0,4457.72,1.0,0.0,,,
2025-03-10 22:04:10,135,7.27,4457.72,1.0,0.0,,,
2025-03-10 22:04:42,136,5.56,4457.72,1.0,0.0,,,
2025-03-10 22:05:13,137,6.09,4525.72,2.0,1.0,4551.0,4000.0,7000.0
2025-03-10 22:05:13,137,6.09,4525.72,2.0,1.0,4551.0,4000.0,7000.0
2025-03-10 22:05:13,137,6.09,4525.72,2.0,1.0,4551.0,4000.0,7000.0
2025-03-10 22:05:13,137,6.09,4525.72,2.0,1.0,4551.0,4000.0,7000.0
2025-03-10 22:05:39,138,3.39,4525.72,1.0,0.0,,,
2025-03-10 22:06:39,139,98.85,4525.72,1.0,0.0,,,
2025-03-10 22:07:06,140,3.57,4525.72,1.0,0.0,,,
2025-03-10 22:07:52,141,24.16,4593.72,2.0,1.0,4619.0,4000.0,7000.0
2025-03-10 22:08:15,142,2.57,4576.72,2.0,1.0,4602.0,4000.0,7000.0
2025-03-10 22:08:37,143,2.04,,2.0,1.0,4585.0,4000.0,7000.0
2025-03-10 22:09:22,144,2.76,4542.72,2.0,1.0,4568.0,4000.0,7000.0
2025-03-10 22:10:00,145,11.0,4610.72,2.0,1.0,4636.0,4000.0,7000.0
2025-03-10 22:10:16,146,1.27,4593.72,2.0,1.0,4619.0,4000.0,7000.0
2025-03-10 22:10:36,147,1.78,4576.72,2.0,1.0,4602.0,4000.0,7000.0
2025-03-10 22:10:54,148,1.48,4550.72,2.0,1.0,4585.0,4000.0,7000.0
2025-03-10 22:11:11,149,1.27,,2.0,1.0,4568.0,4000.0,7000.0
2025-03-10 22:11:38,150,3.86,4525.72,2.0,1.0,4551.0,4000.0,7000.0
2025-03-10 22:11:54,151,1.19,4508.72,2.0,1.0,4534.0,4000.0,7000.0
2025-03-10 22:12:09,152,1.05,4491.72,2.0,1.0,4517.0,4000.0,7000.0
2025-03-10 22:12:26,153,1.4,4474.72,2.0,1.0,4500.0,4000.0,7000.0
2025-03-10 22:13:09,154,16.46,4542.72,2.0,1.0,4568.0,4000.0,7000.0
2025-03-10 22:13:24,155,1.23,4525.72,2.0,1.0,4551.0,4000.0,7000.0
2025-03-10 22:14:03,156,12.66,4593.72,2.0,1.0,4619.0,4000.0,7000.0
2025-03-10 22:14:18,157,1.02,4576.72,2.0,1.0,4602.0,4000.0,7000.0
2025-03-10 22:14:38,158,2.0,4550.72,2.0,1.0,4585.0,4000.0,7000.0
2025-03-10 22:15:21,159,1.726,4627.72,2.0,1.0,4568.0,4000.0,7000.0
2025-03-10 22:15:50,160,4.15,4610.72,2.0,1.0,4551.0,4000.0,7000.0
2025-03-10 22:16:12,161,2.17,4593.72,2.0,1.0,4534.0,4000.0,7000.0
2025-03-10 22:16:27,162,1.15,4576.72,2.0,1.0,4517.0,4000.0,7000.0
2025-03-10 22:16:42,163,1.12,4550.72,2.0,1.0,4500.0,4000.0,7000.0
2025-03-10 22:17:10,164,3.8,4542.72,2.0,1.0,4483.0,4000.0,7000.0
2025-03-10 22:17:25,165,1.11,4525.72,2.0,1.0,4466.0,4000.0,7000.0
2025-03-10 22:17:41,166,1.17,4508.72,2.0,1.0,4449.0,4000.0,7000.0
2025-03-10 22:18:02,167,2.13,4491.72,2.0,1.0,4432.0,4000.0,7000.0
2025-03-10 22:18:17,168,1.03,4474.72,2.0,1.0,4415.0,4000.0,7000.0
2025-03-10 22:18:42,169,3.35,4457.72,2.0,1.0,4398.0,4000.0,7000.0
2025-03-10 22:18:42,169,3.35,4457.72,2.0,1.0,4398.0,4000.0,7000.0
2025-03-10 22:18:59,170,1.22,4457.72,1.0,0.0,,,
2025-03-10 22:19:17,171,1.6,4440.72,2.0,1.0,4381.0,4000.0,7000.0
2025-03-10 22:19:37,172,1.64,4423.72,2.0,1.0,4364.0,4000.0,7000.0
2025-03-10 22:20:22,173,21.65,4491.72,2.0,1.0,4432.0,4000.0,7000.0
2025-03-10 22:20:38,174,1.33,4474.72,2.0,1.0,4415.0,4000.0,7000.0
2025-03-10 22:20:53,175,1.08,4457.72,2.0,1.0,4398.0,4000.0,7000.0
2025-03-10 22:21:28,176,7.74,4525.72,2.0,1.0,4466.0,4000.0,7000.0
2025-03-10 22:21:45,177,1.33,4508.72,2.0,1.0,4449.0,4000.0,7000.0
2025-03-10 22:21:59,178,1.07,4491.72,2.0,1.0,4432.0,4000.0,7000.0
2025-03-10 22:22:19,179,1.68,4474.72,2.0,1.0,4415.0,4000.0,7000.0
2025-03-10 22:22:53,180,7.78,4542.72,2.0,1.0,4483.0,4000.0,7000.0
2025-03-10 22:23:07,181,1.0,4525.72,2.0,1.0,4466.0,4000.0,7000.0
2025-03-10 22:23:28,182,1.97,4508.72,2.0,1.0,4449.0,4000.0,7000.0
2025-03-10 22:23:50,183,2.24,4491.72,2.0,1.0,4432.0,4000.0,7000.0
2025-03-10 22:24:39,184,1.21,4550.72,2.0,1.0,4415.0,4000.0,7000.0
2025-03-10 22:24:56,185,1.65,4542.72,2.0,1.0,4398.0,4000.0,7000.0
2025-03-10 22:24:56,185,1.65,4542.72,2.0,1.0,4398.0,4000.0,7000.0
2025-03-10 22:25:46,186,39.3,4542.72,1.0,0.0,,,
2025-03-10 22:26:04,187,1.37,4525.72,2.0,1.0,4381.0,4000.0,7000.0
2025-03-10 22:26:35,188,5.63,4576.72,2.0,1.0,4449.0,4000.0,7000.0
2025-03-10 22:26:51,189,1.11,4576.72,2.0,1.0,4432.0,4000.0,7000.0
2025-03-10 22:27:17,190,3.65,4550.72,2.0,1.0,4415.0,4000.0,7000.0
2025-03-10 22:27:50,191,5.69,4610.72,2.0,1.0,4483.0,4000.0,7000.0
2025-03-10 22:28:17,192,4.17,4610.72,2.0,1.0,4466.0,4000.0,7000.0
2025-03-10 22:28:17,192,4.17,4610.72,2.0,1.0,4466.0,4000.0,7000.0
2025-03-10 22:28:17,192,4.17,4610.72,2.0,1.0,4466.0,4000.0,7000.0
2025-03-10 22:28:17,192,4.17,4610.72,2.0,1.0,4466.0,4000.0,7000.0
2025-03-10 22:28:17,192,4.17,4610.72,2.0,1.0,4466.0,4000.0,7000.0
2025-03-10 22:28:17,192,4.17,4610.72,2.0,1.0,4466.0,4000.0,7000.0
2025-03-10 22:28:17,192,4.17,4610.72,2.0,1.0,4466.0,4000.0,7000.0
2025-03-10 22:28:17,192,4.17,4610.72,2.0,1.0,4466.0,4000.0,7000.0
2025-03-10 22:28:17,192,4.17,4610.72,2.0,1.0,4466.0,4000.0,7000.0
2025-03-10 22:28:36,193,1.61,4610.72,1.0,0.0,,,
2025-03-10 22:29:01,194,2.94,4610.72,1.0,0.0,,,
2025-03-10 22:29:28,195,3.5,4610.72,1.0,0.0,,,
2025-03-10 22:29:51,196,2.63,4610.72,1.0,0.0,,,
2025-03-10 22:30:10,197,1.61,4610.72,1.0,0.0,,,
2025-03-10 22:30:28,198,1.4,4610.72,1.0,0.0,,,
2025-03-10 22:30:51,199,2.49,4610.72,1.0,0.0,,,
2025-03-10 22:31:07,200,1.26,4610.72,1.0,0.0,,,
2025-03-10 22:31:32,201,3.02,4593.72,2.0,1.0,4449.0,4000.0,7000.0
2025-03-10 22:31:32,201,3.02,4593.72,2.0,1.0,4449.0,4000.0,7000.0
2025-03-10 22:31:32,201,3.02,4593.72,2.0,1.0,4449.0,4000.0,7000.0
2025-03-10 22:32:14,202,14.61,4593.72,1.0,0.0,,,
2025-03-10 22:32:39,203,3.12,4593.72,1.0,0.0,,,
2025-03-10 22:33:00,204,1.95,4576.72,2.0,1.0,4432.0,4000.0,7000.0
2025-03-10 22:33:19,205,1.61,4550.72,2.0,1.0,4415.0,4000.0,7000.0
2025-03-10 22:33:19,205,1.61,4550.72,2.0,1.0,4415.0,4000.0,7000.0
2025-03-10 22:33:37,206,1.54,4550.72,1.0,0.0,,,
2025-03-10 22:33:52,207,1.1,4542.72,2.0,1.0,4398.0,4000.0,7000.0
2025-03-10 22:34:16,208,1.9,4525.72,2.0,1.0,4381.0,4000.0,7000.0
2025-03-10 22:34:28,209,1.18,4508.72,2.0,1.0,4364.0,4000.0,7000.0
2025-03-10 22:34:47,210,1.58,4491.72,2.0,1.0,4347.0,4000.0,7000.0
2025-03-10 22:35:01,211,1.0,4474.72,2.0,1.0,4330.0,4000.0,7000.0
2025-03-10 22:35:23,212,2.3,4457.72,2.0,1.0,4313.0,4000.0,7000.0
2025-03-10 22:35:38,213,1.04,4440.72,2.0,1.0,4296.0,4000.0,7000.0
2025-03-10 22:35:58,214,1.83,4423.72,2.0,1.0,4279.0,4000.0,7000.0
2025-03-10 22:35:58,214,1.83,4423.72,2.0,1.0,4279.0,4000.0,7000.0
2025-03-10 22:35:58,214,1.83,4423.72,2.0,1.0,4279.0,4000.0,7000.0
2025-03-10 22:35:58,214,1.83,4423.72,2.0,1.0,4279.0,4000.0,7000.0
2025-03-10 22:35:58,214,1.83,4423.72,2.0,1.0,4279.0,4000.0,7000.0
2025-03-10 22:35:58,214,1.83,4423.72,2.0,1.0,4279.0,4000.0,7000.0
2025-03-10 22:35:58,214,1.83,4423.72,2.0,1.0,4279.0,4000.0,7000.0
2025-03-10 22:36:20,215,2.02,4423.72,1.0,0.0,,,
2025-03-10 22:36:39,216,1.76,4423.72,1.0,0.0,,,
2025-03-10 22:36:57,217,1.43,4423.72,1.0,0.0,,,
2025-03-10 22:37:25,218,3.84,4423.72,1.0,0.0,,,
2025-03-10 22:37:57,219,6.44,4423.72,1.0,0.0,,,
2025-03-10 22:38:22,220,2.85,4423.72,1.0,0.0,,,
2025-03-10 22:38:38,221,1.29,4406.72,2.0,1.0,4262.0,4000.0,7000.0
2025-03-10 22:38:38,221,1.29,4406.72,2.0,1.0,4262.0,4000.0,7000.0
2025-03-10 22:38:38,221,1.29,4406.72,2.0,1.0,4262.0,4000.0,7000.0
2025-03-10 22:39:01,222,2.48,4406.72,1.0,0.0,,,
2025-03-10 22:39:20,223,1.57,4406.72,1.0,0.0,,,
2025-03-10 22:39:38,224,1.51,4389.72,2.0,1.0,4245.0,4000.0,7000.0
2025-03-10 22:39:38,224,1.51,4389.72,2.0,1.0,4245.0,4000.0,7000.0
2025-03-10 22:39:54,225,1.25,4389.72,1.0,0.0,,,
2025-03-10 22:40:20,226,2.86,4372.72,2.0,1.0,4228.0,4000.0,7000.0
2025-03-10 22:40:41,227,2.19,4355.72,2.0,1.0,4211.0,4000.0,7000.0
2025-03-10 22:41:04,228,1.88,4338.72,2.0,1.0,4194.0,4000.0,7000.0
2025-03-10 22:41:17,229,1.19,4321.72,2.0,1.0,4177.0,4000.0,7000.0
2025-03-10 22:41:38,230,1.93,4304.72,2.0,1.0,4160.0,4000.0,7000.0
2025-03-10 22:41:38,230,1.93,4304.72,2.0,1.0,4160.0,4000.0,7000.0
2025-03-10 22:41:57,231,1.68,4304.72,1.0,0.0,,,
2025-03-10 22:42:19,232,2.29,4287.72,2.0,1.0,4143.0,4000.0,7000.0
2025-03-10 22:42:19,232,2.29,4287.72,2.0,1.0,4143.0,4000.0,7000.0
2025-03-10 22:42:19,232,2.29,4287.72,2.0,1.0,4143.0,4000.0,7000.0
2025-03-10 22:42:50,233,5.53,4287.72,1.0,0.0,,,
2025-03-10 22:43:13,234,2.31,4287.72,1.0,0.0,,,
2025-03-10 22:43:38,235,3.1,4270.72,2.0,1.0,4126.0,4000.0,7000.0
2025-03-10 22:43:38,235,3.1,4270.72,2.0,1.0,4126.0,4000.0,7000.0
2025-03-10 22:43:38,235,3.1,4270.72,2.0,1.0,4126.0,4000.0,7000.0
2025-03-10 22:44:08,236,4.78,4270.72,1.0,0.0,,,
2025-03-10 22:44:34,237,3.16,4270.72,1.0,0.0,,,
2025-03-10 22:44:48,238,1.01,4253.72,2.0,1.0,4109.0,4000.0,7000.0
2025-03-10 22:44:48,238,1.01,4253.72,2.0,1.0,4109.0,4000.0,7000.0
2025-03-10 22:44:48,238,1.01,4253.72,2.0,1.0,4109.0,4000.0,7000.0
2025-03-10 22:44:48,238,1.01,4253.72,2.0,1.0,4109.0,4000.0,7000.0
2025-03-10 22:45:03,239,1.05,4253.72,1.0,0.0,,,
2025-03-10 22:45:17,240,1.12,4253.72,1.0,0.0,,,
2025-03-10 22:45:38,241,2.0,4253.72,1.0,0.0,,,
2025-03-10 22:45:59,242,1.94,4236.72,2.0,1.0,4092.0,4000.0,7000.0
2025-03-10 22:46:15,243,1.25,4219.72,2.0,1.0,4075.0,4000.0,7000.0
2025-03-10 22:46:36,244,1.93,4202.72,2.0,1.0,4058.0,4000.0,7000.0
2025-03-10 22:46:36,244,1.93,4202.72,2.0,1.0,4058.0,4000.0,7000.0
2025-03-10 22:46:36,244,1.93,4202.72,2.0,1.0,4058.0,4000.0,7000.0
2025-03-10 22:47:05,245,4.47,4202.72,1.0,0.0,,,
2025-03-10 22:47:28,246,2.36,4202.72,1.0,0.0,,,
2025-03-10 22:47:47,247,1.62,4185.72,2.0,1.0,4041.0,4000.0,7000.0
2025-03-10 22:47:47,247,1.62,4185.72,2.0,1.0,4041.0,4000.0,7000.0
2025-03-10 22:47:47,247,1.62,4185.72,2.0,1.0,4041.0,4000.0,7000.0
2025-03-10 22:47:47,247,1.62,4185.72,2.0,1.0,4041.0,4000.0,7000.0
2025-03-10 22:48:05,248,1.54,4185.72,1.0,0.0,,,
2025-03-10 22:48:31,249,3.2,4185.72,1.0,0.0,,,
2025-03-10 22:48:51,250,1.75,4185.72,1.0,0.0,,,
2025-03-10 22:49:30,251,13.04,4253.72,2.0,1.0,4109.0,4000.0,7000.0
2025-03-10 22:49:30,251,13.04,4253.72,2.0,1.0,4109.0,4000.0,7000.0
2025-03-10 22:49:55,252,2.92,4253.72,1.0,0.0,,,
2025-03-10 22:50:17,253,2.11,4236.72,2.0,1.0,4092.0,4000.0,7000.0
2025-03-10 22:50:39,254,2.22,4219.72,2.0,1.0,4075.0,4000.0,7000.0
2025-03-10 22:50:53,255,1.0,4202.72,2.0,1.0,4058.0,4000.0,7000.0
2025-03-10 22:51:14,256,2.14,4185.72,2.0,1.0,4041.0,4000.0,7000.0
2025-03-10 22:51:30,257,1.2,4168.72,2.0,1.0,4024.0,4000.0,7000.0
2025-03-10 22:52:10,258,12.37,4236.72,2.0,1.0,4092.0,4000.0,7000.0
2025-03-10 22:52:42,259,6.48,4287.72,2.0,1.0,4160.0,4000.0,7000.0
2025-03-10 22:53:03,260,2.11,4287.72,2.0,1.0,4143.0,4000.0,7000.0
2025-03-10 22:53:03,260,2.11,4287.72,2.0,1.0,4143.0,4000.0,7000.0
2025-03-10 22:53:03,260,2.11,4287.72,2.0,1.0,4143.0,4000.0,7000.0
2025-03-10 22:53:46,261,16.46,4287.72,1.0,0.0,,,
2025-03-10 22:54:01,262,1.09,4287.72,1.0,0.0,,,
2025-03-10 22:54:39,263,6.0,4355.72,2.0,1.0,4211.0,4000.0,7000.0
2025-03-10 22:54:57,264,1.61,4338.72,2.0,1.0,4194.0,4000.0,7000.0
2025-03-10 22:55:21,265,2.75,4321.72,2.0,1.0,4177.0,4000.0,7000.0
2025-03-10 22:55:42,266,1.93,4304.72,2.0,1.0,4160.0,4000.0,7000.0
2025-03-10 22:56:04,267,2.22,4287.72,2.0,1.0,4143.0,4000.0,7000.0
2025-03-10 22:56:47,268,18.76,4355.72,2.0,1.0,4211.0,4000.0,7000.0
2025-03-10 22:57:10,269,2.46,4338.72,2.0,1.0,4194.0,4000.0,7000.0
2025-03-10 22:57:27,270,1.34,4321.72,2.0,1.0,4177.0,4000.0,7000.0
2025-03-10 22:57:43,271,1.23,4304.72,2.0,1.0,4160.0,4000.0,7000.0
2025-03-10 22:57:43,271,1.23,4304.72,2.0,1.0,4160.0,4000.0,7000.0
2025-03-10 22:58:18,272,7.43,4304.72,1.0,0.0,,,
2025-03-10 22:58:50,273,5.95,,2.0,1.0,4228.0,4000.0,7000.0
2025-03-10 22:59:18,274,4.07,4355.72,2.0,1.0,4211.0,4000.0,7000.0
2025-03-10 22:59:32,275,1.0,4338.72,2.0,1.0,4194.0,4000.0,7000.0
2025-03-10 22:59:32,275,1.0,4338.72,2.0,1.0,4194.0,4000.0,7000.0
2025-03-10 22:59:32,275,1.0,4338.72,2.0,1.0,4194.0,4000.0,7000.0
2025-03-10 22:59:54,276,2.22,4338.72,1.0,0.0,,,
2025-03-10 23:00:09,277,1.08,,1.0,0.0,,,
2025-03-10 23:00:23,278,0.0,4321.72,2.0,1.0,4177.0,4000.0,7000.0
2025-03-10 23:00:41,279,1.24,4304.72,2.0,1.0,4160.0,4000.0,7000.0
2025-03-10 23:00:41,279,1.24,4304.72,2.0,1.0,4160.0,4000.0,7000.0
2025-03-10 23:01:13,280,0.0,4304.72,1.0,0.0,,,
2025-03-10 23:01:37,281,3.17,4287.72,2.0,1.0,4143.0,4000.0,7000.0
2025-03-10 23:02:06,282,4.13,4270.72,2.0,1.0,4126.0,4000.0,7000.0
2025-03-10 23:02:06,282,4.13,4270.72,2.0,1.0,4126.0,4000.0,7000.0
2025-03-10 23:02:24,283,1.55,4270.72,1.0,0.0,,,
2025-03-10 23:02:43,284,1.51,4253.72,2.0,1.0,4109.0,4000.0,7000.0
2025-03-10 23:02:43,284,1.51,4253.72,2.0,1.0,4109.0,4000.0,7000.0
2025-03-10 23:02:43,284,1.51,4253.72,2.0,1.0,4109.0,4000.0,7000.0
2025-03-10 23:03:08,285,3.24,4253.72,1.0,0.0,,,
2025-03-10 23:03:37,286,0.0,4253.72,1.0,0.0,,,
2025-03-10 23:04:00,287,2.59,4236.72,2.0,1.0,4092.0,4000.0,7000.0
2025-03-10 23:04:00,287,2.59,4236.72,2.0,1.0,4092.0,4000.0,7000.0
2025-03-10 23:04:17,288,0.0,4236.72,1.0,0.0,,,
2025-03-10 23:04:33,289,1.12,4219.72,2.0,1.0,4075.0,4000.0,7000.0
2025-03-10 23:04:56,290,0.0,4202.72,2.0,1.0,4058.0,4000.0,7000.0
2025-03-10 23:05:18,291,2.23,4185.72,2.0,1.0,4041.0,4000.0,7000.0
2025-03-10 23:05:37,292,1.84,4168.72,2.0,1.0,4024.0,4000.0,7000.0
2025-03-10 23:05:59,293,2.04,4151.72,2.0,1.0,4007.0,4000.0,7000.0
2025-03-12 17:33:07,1,1.65,1175.02,,,,,
2025-03-12 17:33:35,2,4.11,1175.02,,,,,
2025-03-12 17:33:50,3,1.11,1175.02,,,,,
2025-03-12 17:34:13,4,2.4,1175.02,,,,,
2025-03-12 17:34:31,5,1.58,1175.02,,,,,
2025-03-12 17:34:47,6,1.18,1175.02,,,,,
2025-03-12 17:35:07,7,1.79,1175.02,,,,,
2025-03-12 17:35:24,8,1.44,1175.02,,,,,
2025-03-12 17:35:49,9,2.89,1175.02,,,,,
2025-03-12 17:36:11,10,1.98,1175.02,,,,,
2025-03-12 17:36:29,11,1.64,1175.02,,,,,
2025-03-12 17:37:06,12,9.84,1175.02,,,,,
2025-03-12 17:37:32,13,3.31,1175.02,3.0,0.0,,,
2025-03-12 17:37:49,14,1.34,1175.02,3.0,0.0,,,
2025-03-12 17:38:42,15,50.16,1175.02,3.0,0.0,,,
2025-03-12 17:39:03,16,1.98,1165.02,1.0,1.0,990.0,500.0,7000.0
2025-03-12 17:39:41,17,1.107,1205.02,1.0,1.0,980.0,500.0,7000.0
2025-03-12 17:39:41,17,1.107,1205.02,1.0,1.0,980.0,500.0,7000.0
2025-03-12 17:39:41,17,1.107,1205.02,1.0,1.0,980.0,500.0,7000.0
2025-03-12 17:39:41,17,1.107,1205.02,1.0,1.0,980.0,500.0,7000.0
2025-03-12 17:39:41,17,1.107,1205.02,1.0,1.0,980.0,500.0,7000.0
2025-03-12 17:39:41,17,1.107,1205.02,1.0,1.0,980.0,500.0,7000.0
2025-03-12 17:39:41,17,1.107,1205.02,1.0,1.0,980.0,500.0,7000.0
2025-03-12 17:39:41,17,1.107,1205.02,1.0,1.0,980.0,500.0,7000.0
2025-03-12 17:39:41,17,1.107,1205.02,1.0,1.0,980.0,500.0,7000.0
2025-03-12 17:39:41,17,1.107,1205.02,1.0,1.0,980.0,500.0,7000.0
2025-03-12 17:39:41,17,1.107,1205.02,1.0,1.0,980.0,500.0,7000.0
2025-03-12 17:39:41,17,1.107,1205.02,1.0,1.0,980.0,500.0,7000.0
2025-03-12 17:39:41,17,1.107,1205.02,1.0,1.0,980.0,500.0,7000.0
2025-03-12 17:39:41,17,1.107,1205.02,1.0,1.0,980.0,500.0,7000.0
2025-03-12 17:39:41,17,1.107,1205.02,1.0,1.0,980.0,500.0,7000.0
2025-03-12 17:39:41,17,1.107,1205.02,1.0,1.0,980.0,500.0,7000.0
2025-03-12 17:39:41,17,1.107,1205.02,1.0,1.0,980.0,500.0,7000.0
2025-03-12 17:39:41,17,1.107,1205.02,1.0,1.0,980.0,500.0,7000.0
2025-03-12 17:39:41,17,1.107,1205.02,1.0,1.0,980.0,500.0,7000.0
2025-03-12 17:39:41,17,1.107,1205.02,1.0,1.0,980.0,500.0,7000.0
2025-03-12 17:39:41,17,1.107,1205.02,1.0,1.0,980.0,500.0,7000.0
2025-03-12 17:39:41,17,1.107,1205.02,1.0,1.0,980.0,500.0,7000.0
2025-03-12 17:39:41,17,1.107,1205.02,1.0,1.0,980.0,500.0,7000.0
2025-03-12 17:39:41,17,1.107,1205.02,1.0,1.0,980.0,500.0,7000.0
2025-03-12 17:39:41,17,1.107,1205.02,1.0,1.0,980.0,500.0,7000.0
2025-03-12 17:39:41,17,1.107,1205.02,1.0,1.0,980.0,500.0,7000.0
2025-03-12 17:39:41,17,1.107,1205.02,1.0,1.0,980.0,500.0,7000.0
2025-03-12 17:39:41,17,1.107,1205.02,1.0,1.0,980.0,500.0,7000.0
2025-03-12 17:39:41,17,1.107,1205.02,1.0,1.0,980.0,500.0,7000.0
2025-03-12 17:39:41,17,1.107,1205.02,1.0,1.0,980.0,500.0,7000.0
2025-03-12 17:39:41,17,1.107,1205.02,1.0,1.0,980.0,500.0,7000.0
2025-03-12 17:39:41,17,1.107,1205.02,1.0,1.0,980.0,500.0,7000.0
2025-03-12 17:39:41,17,1.107,1205.02,1.0,1.0,980.0,500.0,7000.0
2025-03-12 17:39:41,17,1.107,1205.02,1.0,1.0,980.0,500.0,7000.0
2025-03-12 17:39:41,17,1.107,1205.02,1.0,1.0,980.0,500.0,7000.0
2025-03-12 17:39:41,17,1.107,1205.02,1.0,1.0,980.0,500.0,7000.0
2025-03-12 17:39:41,17,1.107,1205.02,1.0,1.0,980.0,500.0,7000.0
2025-03-12 17:39:41,17,1.107,1205.02,1.0,1.0,980.0,500.0,7000.0
2025-03-12 17:39:41,17,1.107,1205.02,1.0,1.0,980.0,500.0,7000.0
2025-03-12 17:39:41,17,1.107,1205.02,1.0,1.0,980.0,500.0,7000.0
2025-03-12 17:39:41,17,1.107,1205.02,1.0,1.0,980.0,500.0,7000.0
2025-03-12 17:39:41,17,1.107,1205.02,1.0,1.0,980.0,500.0,7000.0
2025-03-12 17:39:41,17,1.107,1205.02,1.0,1.0,980.0,500.0,7000.0
2025-03-12 17:39:41,17,1.107,1205.02,1.0,1.0,980.0,500.0,7000.0
2025-03-12 17:39:41,17,1.107,1205.02,1.0,1.0,980.0,500.0,7000.0
2025-03-12 17:39:41,17,1.107,1205.02,1.0,1.0,980.0,500.0,7000.0
2025-03-12 17:39:41,17,1.107,1205.02,1.0,1.0,980.0,500.0,7000.0
2025-03-12 17:39:41,17,1.107,1205.02,1.0,1.0,980.0,500.0,7000.0
2025-03-12 17:39:41,17,1.107,1205.02,1.0,1.0,980.0,500.0,7000.0
2025-03-12 17:39:41,17,1.107,1205.02,1.0,1.0,980.0,500.0,7000.0
2025-03-12 17:39:41,17,1.107,1205.02,1.0,1.0,980.0,500.0,7000.0
2025-03-12 17:39:41,17,1.107,1205.02,1.0,1.0,980.0,500.0,7000.0
2025-03-12 17:39:41,17,1.107,1205.02,1.0,1.0,980.0,500.0,7000.0
2025-03-12 17:39:41,17,1.107,1205.02,1.0,1.0,980.0,500.0,7000.0
2025-03-12 17:39:57,18,1.16,1205.02,3.0,0.0,,,
2025-03-12 17:40:14,19,1.24,1205.02,3.0,0.0,,,
2025-03-12 17:40:33,20,1.74,1205.02,2.0,0.0,,,
2025-03-12 17:40:54,21,1.64,1205.02,2.0,0.0,,,
2025-03-12 17:41:10,22,1.49,1205.02,2.0,0.0,,,
2025-03-12 17:41:25,23,1.13,1205.02,2.0,0.0,,,
2025-03-12 17:41:47,24,1.66,1205.02,2.0,0.0,,,
2025-03-12 17:42:47,25,129.0,1205.02,2.0,0.0,,,
2025-03-12 17:44:11,26,2.27,1205.02,2.0,0.0,,,
2025-03-12 17:44:11,26,2.27,1205.02,2.0,,,,
2025-03-12 17:44:45,27,7.1,1205.02,3.0,0.0,,,
2025-03-12 17:45:29,28,1.14,1205.02,3.0,0.0,,,
2025-03-12 17:46:22,29,3.76,1205.02,3.0,0.0,,,
2025-03-12 17:47:24,30,2.51,1205.02,2.0,0.0,,,
2025-03-12 17:49:07,31,4.58,1205.02,2.0,0.0,,,
2025-03-12 17:49:07,31,4.58,1205.02,2.0,,,,
2025-03-12 17:49:50,32,1.37,1205.02,2.0,0.0,,,
2025-03-12 17:50:45,33,6.06,1205.02,2.0,0.0,,,
2025-03-12 17:51:04,34,1.0,1205.02,2.0,0.0,,,
2025-03-12 17:51:38,35,7.73,1205.02,2.0,0.0,,,
2025-03-12 17:52:02,36,2.57,1205.02,2.0,0.0,,,
2025-03-12 17:52:29,37,3.87,1205.02,2.0,0.0,,,
2025-03-12 17:52:55,38,3.34,1205.02,3.0,0.0,,,
2025-03-12 17:53:10,39,1.07,1205.02,3.0,0.0,,,
2025-03-12 17:53:26,40,1.14,1205.02,3.0,0.0,,,
2025-03-12 17:53:59,41,6.57,1205.02,2.0,0.0,,,
2025-03-12 17:54:14,42,4.0,1205.02,3.0,0.0,,,
2025-03-12 17:54:41,43,3.79,1205.02,3.0,0.0,,,
2025-03-12 17:55:02,44,1.93,1205.02,3.0,0.0,,,
2025-03-12 17:55:17,45,1.0,1205.02,3.0,0.0,,,
2025-03-12 17:55:41,46,2.46,1205.02,3.0,0.0,,,
2025-03-12 17:56:07,47,3.44,1205.02,2.0,0.0,,,
2025-03-12 17:56:35,48,1.0,1205.02,3.0,0.0,,,
2025-03-12 17:57:00,49,2.74,1205.02,2.0,0.0,,,
2025-03-12 17:57:28,50,3.65,1205.02,2.0,0.0,,,
2025-03-12 17:57:52,51,3.14,1205.02,2.0,0.0,,,
2025-03-12 17:58:09,52,1.2,1205.02,3.0,0.0,,,
2025-03-12 17:58:23,53,1.21,1205.02,2.0,0.0,,,
2025-03-12 17:58:46,54,2.3,1205.02,3.0,0.0,,,
2025-03-12 17:59:05,55,1.43,1205.02,3.0,0.0,,,
2025-03-12 17:59:31,56,3.34,1205.02,3.0,0.0,,,
2025-03-12 17:59:55,57,2.83,1205.02,3.0,0.0,,,
2025-03-12 18:00:10,58,1.11,1205.02,3.0,0.0,,,
2025-03-12 18:00:25,59,1.17,1205.02,3.0,0.0,,,
2025-03-12 18:00:52,60,3.43,1205.02,3.0,0.0,,,
2025-03-12 18:01:18,61,3.57,1205.02,3.0,0.0,,,
2025-03-12 18:01:42,62,2.36,1205.02,3.0,0.0,,,
2025-03-12 18:01:56,63,1.11,1205.02,3.0,0.0,,,
2025-03-12 18:02:14,64,1.38,1205.02,3.0,0.0,,,
2025-03-12 18:02:28,65,1.06,1205.02,3.0,0.0,,,
2025-03-12 18:02:53,66,2.67,1205.02,3.0,0.0,,,
2025-03-12 18:03:07,67,1.03,1205.02,3.0,0.0,,,
2025-03-12 18:03:53,68,27.04,1205.02,2.0,0.0,,,
2025-03-12 18:04:07,69,1.0,1195.02,1.0,1.0,970.0,500.0,7000.0
2025-03-12 18:04:29,70,2.1,1185.02,1.0,1.0,960.0,500.0,7000.0
2025-03-12 18:04:29,70,2.1,1185.02,1.0,1.0,960.0,500.0,7000.0
2025-03-12 18:04:29,70,2.1,1185.02,1.0,1.0,960.0,500.0,7000.0
2025-03-12 18:04:29,70,2.1,1185.02,1.0,1.0,960.0,500.0,7000.0
2025-03-12 18:04:29,70,2.1,1185.02,1.0,1.0,960.0,500.0,7000.0
2025-03-12 18:04:29,70,2.1,1185.02,1.0,1.0,960.0,500.0,7000.0
2025-03-12 18:04:29,70,2.1,1185.02,1.0,1.0,960.0,500.0,7000.0
2025-03-12 18:04:29,70,2.1,1185.02,1.0,1.0,960.0,500.0,7000.0
2025-03-12 18:04:29,70,2.1,1185.02,1.0,1.0,960.0,500.0,7000.0
2025-03-12 18:04:29,70,2.1,1185.02,1.0,1.0,960.0,500.0,7000.0
2025-03-12 18:04:29,70,2.1,1185.02,1.0,1.0,960.0,500.0,7000.0
2025-03-12 18:04:29,70,2.1,1185.02,1.0,1.0,960.0,500.0,7000.0
2025-03-12 18:04:29,70,2.1,1185.02,1.0,1.0,960.0,500.0,7000.0
2025-03-12 18:04:29,70,2.1,1185.02,1.0,1.0,960.0,500.0,7000.0
2025-03-12 18:04:29,70,2.1,1185.02,1.0,1.0,960.0,500.0,7000.0
2025-03-12 18:04:29,70,2.1,1185.02,1.0,1.0,960.0,500.0,7000.0
2025-03-12 18:04:29,70,2.1,1185.02,1.0,1.0,960.0,500.0,7000.0
2025-03-12 18:04:29,70,2.1,1185.02,1.0,1.0,960.0,500.0,7000.0
2025-03-12 18:04:29,70,2.1,1185.02,1.0,1.0,960.0,500.0,7000.0
2025-03-12 18:05:16,71,27.01,1185.02,3.0,0.0,,,
2025-03-12 18:05:45,72,4.39,1185.02,3.0,0.0,,,
2025-03-12 18:06:01,73,1.21,1185.02,3.0,0.0,,,
2025-03-12 18:06:25,74,2.92,1185.02,3.0,0.0,,,
2025-03-12 18:06:54,75,4.11,1185.02,3.0,0.0,,,
2025-03-12 18:07:34,76,14.34,1185.02,2.0,0.0,,,
2025-03-12 18:07:51,77,1.22,1185.02,2.0,0.0,,,
2025-03-12 18:08:07,78,1.21,1185.02,2.0,0.0,,,
2025-03-12 18:08:25,79,1.57,1185.02,2.0,0.0,,,
2025-03-12 18:08:57,80,6.18,1185.02,2.0,0.0,,,
2025-03-12 18:09:45,81,28.94,1185.02,2.0,0.0,,,
2025-03-12 18:10:09,82,2.74,1185.02,2.0,0.0,,,
2025-03-12 18:10:35,83,3.3,1185.02,3.0,0.0,,,
2025-03-12 18:10:52,84,1.28,1185.02,3.0,0.0,,,
2025-03-12 18:11:12,85,1.74,1185.02,3.0,0.0,,,
2025-03-12 18:11:34,86,2.4,1185.02,2.0,0.0,,,
2025-03-12 18:11:56,87,2.15,1185.02,2.0,0.0,,,
2025-03-12 18:12:55,88,86.64,1185.02,2.0,0.0,,,
2025-03-12 18:13:18,89,2.28,1175.02,1.0,1.0,950.0,500.0,7000.0
2025-03-12 18:13:18,89,2.28,1175.02,1.0,1.0,950.0,500.0,7000.0
2025-03-12 18:13:18,89,2.28,1175.02,1.0,1.0,950.0,500.0,7000.0
2025-03-12 18:13:18,89,2.28,1175.02,1.0,1.0,950.0,500.0,7000.0
2025-03-12 18:13:18,89,2.28,1175.02,1.0,1.0,950.0,500.0,7000.0
2025-03-12 18:13:18,89,2.28,1175.02,1.0,1.0,950.0,500.0,7000.0
2025-03-12 18:13:18,89,2.28,1175.02,1.0,1.0,950.0,500.0,7000.0
2025-03-12 18:13:18,89,2.28,1175.02,1.0,1.0,950.0,500.0,7000.0
2025-03-12 18:13:18,89,2.28,1175.02,1.0,1.0,950.0,500.0,7000.0
2025-03-12 18:13:18,89,2.28,1175.02,1.0,1.0,950.0,500.0,7000.0
2025-03-12 18:13:18,89,2.28,1175.02,1.0,1.0,950.0,500.0,7000.0
2025-03-12 18:13:18,89,2.28,1175.02,1.0,1.0,950.0,500.0,7000.0
2025-03-12 18:13:18,89,2.28,1175.02,1.0,1.0,950.0,500.0,7000.0
2025-03-12 18:13:18,89,2.28,1175.02,1.0,1.0,950.0,500.0,7000.0
2025-03-12 18:13:18,89,2.28,1175.02,1.0,1.0,950.0,500.0,7000.0
2025-03-12 18:13:18,89,2.28,1175.02,1.0,1.0,950.0,500.0,7000.0
2025-03-12 18:13:18,89,2.28,1175.02,1.0,1.0,950.0,500.0,7000.0
2025-03-12 18:13:18,89,2.28,1175.02,1.0,1.0,950.0,500.0,7000.0
2025-03-12 18:13:18,89,2.28,1175.02,1.0,1.0,950.0,500.0,7000.0
2025-03-12 18:13:18,89,2.28,1175.02,1.0,1.0,950.0,500.0,7000.0
2025-03-12 18:13:18,89,2.28,1175.02,1.0,1.0,950.0,500.0,7000.0
2025-03-12 18:13:18,89,2.28,1175.02,1.0,1.0,950.0,500.0,7000.0
2025-03-12 18:13:18,89,2.28,1175.02,1.0,1.0,950.0,500.0,7000.0
2025-03-12 18:13:18,89,2.28,1175.02,1.0,1.0,950.0,500.0,7000.0
2025-03-12 18:13:18,89,2.28,1175.02,1.0,1.0,950.0,500.0,7000.0
2025-03-12 18:13:18,89,2.28,1175.02,1.0,1.0,950.0,500.0,7000.0
2025-03-12 18:13:33,90,1.16,1175.02,3.0,0.0,,,
2025-03-12 18:14:16,91,18.37,1175.02,3.0,0.0,,,
2025-03-12 18:14:41,92,3.07,1175.02,3.0,0.0,,,
2025-03-12 18:14:58,93,1.31,1175.02,2.0,0.0,,,
2025-03-12 18:15:33,94,7.68,1175.02,2.0,0.0,,,
2025-03-12 18:15:47,95,1.02,1175.02,2.0,0.0,,,
2025-03-12 18:16:19,96,6.07,1175.02,2.0,0.0,,,
2025-03-12 18:16:37,97,1.45,1175.02,2.0,0.0,,,
2025-03-12 18:16:58,98,2.08,1175.02,2.0,0.0,,,
2025-03-12 18:17:15,99,1.28,1175.02,2.0,0.0,,,
2025-03-12 18:17:28,100,1.01,1175.02,2.0,0.0,,,
2025-03-12 18:17:46,101,1.34,1175.02,2.0,0.0,,,
2025-03-12 18:18:20,102,7.33,1175.02,2.0,0.0,,,
2025-03-12 18:18:49,103,4.62,1175.02,2.0,0.0,,,
2025-03-12 18:19:10,104,1.97,1175.02,3.0,0.0,,,
2025-03-12 18:19:25,105,1.12,1175.02,3.0,0.0,,,
2025-03-12 18:19:52,106,3.51,1175.02,3.0,0.0,,,
2025-03-12 18:20:23,107,5.61,1175.02,3.0,0.0,,,
2025-03-12 18:20:46,108,2.35,1175.02,3.0,0.0,,,
2025-03-12 18:21:04,109,1.59,1175.02,3.0,0.0,,,
2025-03-12 18:21:19,110,1.03,1175.02,3.0,0.0,,,
2025-03-12 18:21:34,111,1.08,1175.02,3.0,0.0,,,
2025-03-12 18:22:06,112,6.25,1175.02,2.0,0.0,,,
2025-03-12 18:23:24,113,58.49,1175.02,2.0,0.0,,,
2025-03-12 18:23:24,113,58.49,1175.02,2.0,,,,
2025-03-12 18:23:53,114,4.48,1165.02,1.0,1.0,940.0,500.0,7000.0
2025-03-12 18:24:20,115,3.57,1155.02,1.0,1.0,930.0,500.0,7000.0
2025-03-12 18:24:20,115,3.57,1155.02,1.0,1.0,930.0,500.0,7000.0
2025-03-12 18:24:20,115,3.57,1155.02,1.0,1.0,930.0,500.0,7000.0
2025-03-12 18:24:20,115,3.57,1155.02,1.0,1.0,930.0,500.0,7000.0
2025-03-12 18:24:20,115,3.57,1155.02,1.0,1.0,930.0,500.0,7000.0
2025-03-12 18:25:13,116,47.1,1155.02,3.0,0.0,,,
2025-03-12 18:25:52,117,12.31,1155.02,3.0,0.0,,,
2025-03-12 18:27:06,118,414.5,1155.02,3.0,0.0,,,
2025-03-12 18:27:06,118,414.5,1155.02,3.0,,,,
2025-03-12 18:27:31,119,2.98,1145.02,1.0,1.0,920.0,500.0,7000.0
2025-03-12 18:27:53,120,2.22,1135.02,1.0,1.0,910.0,500.0,7000.0
2025-03-12 18:27:53,120,2.22,1135.02,1.0,1.0,910.0,500.0,7000.0
2025-03-12 18:27:53,120,2.22,1135.02,1.0,1.0,910.0,500.0,7000.0
2025-03-12 18:27:53,120,2.22,1135.02,1.0,1.0,910.0,500.0,7000.0
2025-03-12 18:27:53,120,2.22,1135.02,1.0,1.0,910.0,500.0,7000.0
2025-03-12 18:27:53,120,2.22,1135.02,1.0,1.0,910.0,500.0,7000.0
2025-03-12 18:27:53,120,2.22,1135.02,1.0,1.0,910.0,500.0,7000.0
2025-03-12 18:27:53,120,2.22,1135.02,1.0,1.0,910.0,500.0,7000.0
2025-03-12 18:27:53,120,2.22,1135.02,1.0,1.0,910.0,500.0,7000.0
2025-03-12 18:27:53,120,2.22,1135.02,1.0,1.0,910.0,500.0,7000.0
2025-03-12 18:27:53,120,2.22,1135.02,1.0,1.0,910.0,500.0,7000.0
2025-03-12 18:27:53,120,2.22,1135.02,1.0,1.0,910.0,500.0,7000.0
2025-03-12 18:27:53,120,2.22,1135.02,1.0,1.0,910.0,500.0,7000.0
2025-03-12 18:27:53,120,2.22,1135.02,1.0,1.0,910.0,500.0,7000.0
2025-03-12 18:27:53,120,2.22,1135.02,1.0,1.0,910.0,500.0,7000.0
2025-03-12 18:27:53,120,2.22,1135.02,1.0,1.0,910.0,500.0,7000.0
2025-03-12 18:27:53,120,2.22,1135.02,1.0,1.0,910.0,500.0,7000.0
2025-03-12 18:27:53,120,2.22,1135.02,1.0,1.0,910.0,500.0,7000.0
2025-03-12 18:27:53,120,2.22,1135.02,1.0,1.0,910.0,500.0,7000.0
2025-03-12 18:27:53,120,2.22,1135.02,1.0,1.0,910.0,500.0,7000.0
2025-03-12 18:27:53,120,2.22,1135.02,1.0,1.0,910.0,500.0,7000.0
2025-03-12 18:27:53,120,2.22,1135.02,1.0,1.0,910.0,500.0,7000.0
2025-03-12 18:27:53,120,2.22,1135.02,1.0,1.0,910.0,500.0,7000.0
2025-03-12 18:27:53,120,2.22,1135.02,1.0,1.0,910.0,500.0,7000.0
2025-03-12 18:27:53,120,2.22,1135.02,1.0,1.0,910.0,500.0,7000.0
2025-03-12 18:27:53,120,2.22,1135.02,1.0,1.0,910.0,500.0,7000.0
2025-03-12 18:27:53,120,2.22,1135.02,1.0,1.0,910.0,500.0,7000.0
2025-03-12 18:27:53,120,2.22,1135.02,1.0,1.0,910.0,500.0,7000.0
2025-03-12 18:27:53,120,2.22,1135.02,1.0,1.0,910.0,500.0,7000.0
2025-03-12 18:27:53,120,2.22,1135.02,1.0,1.0,910.0,500.0,7000.0
2025-03-12 18:27:53,120,2.22,1135.02,1.0,1.0,910.0,500.0,7000.0
2025-03-12 18:27:53,120,2.22,1135.02,1.0,1.0,910.0,500.0,7000.0
2025-03-12 18:27:53,120,2.22,1135.02,1.0,1.0,910.0,500.0,7000.0
2025-03-12 18:27:53,120,2.22,1135.02,1.0,1.0,910.0,500.0,7000.0
2025-03-12 18:27:53,120,2.22,1135.02,1.0,1.0,910.0,500.0,7000.0
2025-03-12 18:27:53,120,2.22,1135.02,1.0,1.0,910.0,500.0,7000.0
2025-03-12 18:27:53,120,2.22,1135.02,1.0,1.0,910.0,500.0,7000.0
2025-03-12 18:27:53,120,2.22,1135.02,1.0,1.0,910.0,500.0,7000.0
2025-03-12 18:27:53,120,2.22,1135.02,1.0,1.0,910.0,500.0,7000.0
2025-03-12 18:27:53,120,2.22,1135.02,1.0,1.0,910.0,500.0,7000.0
2025-03-12 18:27:53,120,2.22,1135.02,1.0,1.0,910.0,500.0,7000.0
2025-03-12 18:28:21,121,4.07,1135.02,3.0,0.0,,,
2025-03-12 18:28:40,122,1.62,1135.02,3.0,0.0,,,
2025-03-12 18:29:19,123,12.27,1135.02,2.0,0.0,,,
2025-03-12 18:29:36,124,1.0,1135.02,2.0,0.0,,,
2025-03-12 18:30:17,125,14.95,1135.02,2.0,0.0,,,
2025-03-12 18:30:39,126,2.23,1135.02,2.0,0.0,,,
2025-03-12 18:31:01,127,2.11,1135.02,2.0,0.0,,,
2025-03-12 18:31:25,128,2.76,1135.02,2.0,0.0,,,
2025-03-12 18:31:46,129,2.08,1135.02,2.0,0.0,,,
2025-03-12 18:32:03,130,1.28,1135.02,2.0,0.0,,,
2025-03-12 18:32:18,131,1.05,1135.02,2.0,0.0,,,
2025-03-12 18:32:44,132,3.71,1135.02,2.0,0.0,,,
2025-03-12 18:33:03,133,1.53,1135.02,2.0,0.0,,,
2025-03-12 18:33:18,134,1.05,1135.02,2.0,0.0,,,
2025-03-12 18:34:09,135,9.78,1135.02,2.0,0.0,,,
2025-03-12 18:34:26,136,1.43,1135.02,2.0,0.0,,,
2025-03-12 18:35:21,137,1.02,1135.02,2.0,0.0,,,
2025-03-12 18:36:28,138,15.26,1135.02,3.0,0.0,,,
2025-03-12 18:37:13,139,17.41,1135.02,3.0,0.0,,,
2025-03-12 18:37:36,140,2.67,1135.02,3.0,0.0,,,
2025-03-12 18:37:56,141,2.01,1135.02,3.0,0.0,,,
2025-03-12 18:38:12,142,1.25,1135.02,3.0,0.0,,,
2025-03-12 18:38:46,143,7.45,1135.02,3.0,0.0,,,
2025-03-12 18:39:07,144,1.78,1135.02,3.0,0.0,,,
2025-03-12 18:39:48,145,1.0,1135.02,2.0,0.0,,,
2025-03-12 18:39:57,146,1.68,1135.02,2.0,0.0,,,
2025-03-12 18:40:16,147,6.0,1135.02,2.0,0.0,,,
2025-03-12 18:40:24,148,1.68,1135.02,2.0,0.0,,,
2025-03-12 18:41:40,149,1.0,1135.02,2.0,0.0,,,
2025-03-12 18:41:40,149,1.0,1135.02,2.0,,,,
2025-03-12 18:41:48,150,1.68,1135.02,2.0,0.0,,,
2025-03-12 18:42:12,151,1.0,1135.02,2.0,0.0,,,
2025-03-12 18:42:20,152,1.68,1135.02,2.0,0.0,,,
2025-03-12 18:43:52,153,1.61,1135.02,2.0,0.0,,,
2025-03-12 18:43:52,153,1.61,1135.02,2.0,,,,
2025-03-12 18:44:13,154,2.05,1135.02,2.0,0.0,,,
2025-03-12 18:45:40,155,6.0,1135.02,2.0,0.0,,,
2025-03-12 18:45:40,155,6.0,1135.02,2.0,,,,
2025-03-12 18:45:58,156,9.0,1135.02,3.0,0.0,,,
2025-03-12 18:46:40,157,17.56,1135.02,3.0,0.0,,,
2025-03-12 18:46:57,158,1.31,,1.0,1.0,900.0,500.0,7000.0
2025-03-12 18:46:57,158,1.31,,1.0,1.0,900.0,500.0,7000.0
2025-03-13 06:19:18,1,422.8,1125.02,,,,,
2025-03-13 06:19:50,2,1.11,1125.02,,,,,
2025-03-13 06:20:07,3,1.38,1125.02,,,,,
2025-03-13 06:20:34,4,3.71,1125.02,,,,,
2025-03-13 06:20:49,5,1.0,1125.02,,,,,
2025-03-13 06:21:05,6,1.38,1125.02,,,,,
2025-03-13 06:21:43,7,10.4,1125.02,,,,,
2025-03-13 06:22:02,8,1.65,1125.02,,,,,
2025-03-13 06:22:17,9,1.13,1125.02,,,,,
2025-03-13 06:22:49,10,6.2,1125.02,,,,,
2025-03-13 06:23:09,11,1.8,1125.02,,,,,
2025-03-13 06:23:28,12,1.62,1125.02,,,,,
2025-03-13 06:23:54,13,3.1,1125.02,2.0,0.0,,,
2025-03-13 06:24:22,14,4.38,1125.02,2.0,0.0,,,
2025-03-13 06:24:45,15,2.17,1125.02,2.0,0.0,,,
2025-03-13 06:25:18,16,6.74,1125.02,2.0,0.0,,,
2025-03-13 06:25:47,17,4.63,1125.02,3.0,0.0,,,
2025-03-13 06:26:05,18,1.44,1125.02,3.0,0.0,,,
2025-03-13 06:26:25,19,1.81,1125.02,3.0,0.0,,,
2025-03-13 06:26:53,20,4.02,1125.02,3.0,0.0,,,
2025-03-13 06:27:15,21,2.19,1125.02,3.0,0.0,,,
2025-03-13 06:27:40,22,3.13,1125.02,3.0,0.0,,,
2025-03-13 06:27:59,23,1.51,1125.02,3.0,0.0,,,
2025-03-13 06:28:13,24,1.09,1125.02,2.0,0.0,,,
2025-03-13 06:28:56,25,16.04,1125.02,2.0,0.0,,,
2025-03-13 06:29:15,26,1.73,1125.02,2.0,0.0,,,
2025-03-13 06:29:34,27,1.77,1125.02,3.0,0.0,,,
2025-03-13 06:29:50,28,1.19,1125.02,3.0,0.0,,,
2025-03-13 06:30:21,29,5.22,1125.02,2.0,0.0,,,
2025-03-13 06:30:51,30,5.18,1125.02,2.0,0.0,,,
2025-03-13 06:31:11,31,1.69,1125.02,2.0,0.0,,,
2025-03-13 06:31:32,32,2.05,1125.02,2.0,0.0,,,
2025-03-13 06:31:48,33,1.17,1125.02,2.0,0.0,,,
2025-03-13 06:32:02,34,1.0,1125.02,2.0,0.0,,,
2025-03-13 06:32:16,35,1.03,1125.02,2.0,0.0,,,
2025-03-13 06:32:46,36,4.98,1125.02,2.0,0.0,,,
2025-03-13 06:33:12,37,2.87,1125.02,2.0,0.0,,,
2025-03-13 06:33:25,38,1.0,1125.02,3.0,0.0,,,
2025-03-13 06:33:59,39,7.32,1125.02,3.0,0.0,,,
2025-03-13 06:34:16,40,1.25,1125.02,3.0,0.0,,,
2025-03-13 06:34:44,41,4.3,1125.02,3.0,0.0,,,
2025-03-13 06:34:59,42,1.1,1125.02,3.0,0.0,,,
2025-03-13 06:35:16,43,1.3,1125.02,3.0,0.0,,,
2025-03-13 06:35:33,44,1.35,1125.02,3.0,0.0,,,
2025-03-13 06:35:55,45,2.16,1125.02,2.0,0.0,,,
2025-03-13 06:36:10,46,1.16,1125.02,2.0,0.0,,,
2025-03-13 06:36:27,47,1.46,1125.02,2.0,0.0,,,
2025-03-13 06:36:48,48,1.77,1125.02,2.0,0.0,,,
2025-03-13 06:37:36,49,29.942,1125.02,2.0,0.0,,,
2025-03-13 06:37:53,50,1.36,1115.02,1.0,1.0,990.0,500.0,7000.0
2025-03-13 06:37:53,50,1.36,1115.02,1.0,1.0,990.0,500.0,7000.0
2025-03-13 06:38:52,51,82.26,1115.02,3.0,0.0,,,
2025-03-13 06:39:21,52,4.9,1105.02,1.0,1.0,980.0,500.0,7000.0
2025-03-13 06:39:59,53,10.75,1145.02,1.0,1.0,1020.0,500.0,7000.0
2025-03-13 06:39:59,53,10.75,1145.02,1.0,1.0,1020.0,500.0,7000.0
2025-03-13 06:39:59,53,10.75,1145.02,1.0,1.0,1020.0,500.0,7000.0
2025-03-13 06:39:59,53,10.75,1145.02,1.0,1.0,1020.0,500.0,7000.0
2025-03-13 06:39:59,53,10.75,1145.02,1.0,1.0,1020.0,500.0,7000.0
2025-03-13 06:39:59,53,10.75,1145.02,1.0,1.0,1020.0,500.0,7000.0
2025-03-13 06:39:59,53,10.75,1145.02,1.0,1.0,1020.0,500.0,7000.0
2025-03-13 06:39:59,53,10.75,1145.02,1.0,1.0,1020.0,500.0,7000.0
2025-03-13 06:39:59,53,10.75,1145.02,1.0,1.0,1020.0,500.0,7000.0
2025-03-13 06:39:59,53,10.75,1145.02,1.0,1.0,1020.0,500.0,7000.0
2025-03-13 06:39:59,53,10.75,1145.02,1.0,1.0,1020.0,500.0,7000.0
2025-03-13 06:39:59,53,10.75,1145.02,1.0,1.0,1020.0,500.0,7000.0
2025-03-13 06:39:59,53,10.75,1145.02,1.0,1.0,1020.0,500.0,7000.0
2025-03-13 06:39:59,53,10.75,1145.02,1.0,1.0,1020.0,500.0,7000.0
2025-03-13 06:39:59,53,10.75,1145.02,1.0,1.0,1020.0,500.0,7000.0
2025-03-13 06:39:59,53,10.75,1145.02,1.0,1.0,1020.0,500.0,7000.0
2025-03-13 06:39:59,53,10.75,1145.02,1.0,1.0,1020.0,500.0,7000.0
2025-03-13 06:39:59,53,10.75,1145.02,1.0,1.0,1020.0,500.0,7000.0
2025-03-13 06:39:59,53,10.75,1145.02,1.0,1.0,1020.0,500.0,7000.0
2025-03-13 06:39:59,53,10.75,1145.02,1.0,1.0,1020.0,500.0,7000.0
2025-03-13 06:39:59,53,10.75,1145.02,1.0,1.0,1020.0,500.0,7000.0
2025-03-13 06:39:59,53,10.75,1145.02,1.0,1.0,1020.0,500.0,7000.0
2025-03-13 06:39:59,53,10.75,1145.02,1.0,1.0,1020.0,500.0,7000.0
2025-03-13 06:39:59,53,10.75,1145.02,1.0,1.0,1020.0,500.0,7000.0
2025-03-13 06:39:59,53,10.75,1145.02,1.0,1.0,1020.0,500.0,7000.0
2025-03-13 06:39:59,53,10.75,1145.02,1.0,1.0,1020.0,500.0,7000.0
2025-03-13 06:39:59,53,10.75,1145.02,1.0,1.0,1020.0,500.0,7000.0
2025-03-13 06:39:59,53,10.75,1145.02,1.0,1.0,1020.0,500.0,7000.0
2025-03-13 06:39:59,53,10.75,1145.02,1.0,1.0,1020.0,500.0,7000.0
2025-03-13 06:39:59,53,10.75,1145.02,1.0,1.0,1020.0,500.0,7000.0
2025-03-13 06:39:59,53,10.75,1145.02,1.0,1.0,1020.0,500.0,7000.0
2025-03-13 06:39:59,53,10.75,1145.02,1.0,1.0,1020.0,500.0,7000.0
2025-03-13 06:39:59,53,10.75,1145.02,1.0,1.0,1020.0,500.0,7000.0
2025-03-13 06:39:59,53,10.75,1145.02,1.0,1.0,1020.0,500.0,7000.0
2025-03-13 06:39:59,53,10.75,1145.02,1.0,1.0,1020.0,500.0,7000.0
2025-03-13 06:39:59,53,10.75,1145.02,1.0,1.0,1020.0,500.0,7000.0
2025-03-13 06:39:59,53,10.75,1145.02,1.0,1.0,1020.0,500.0,7000.0
2025-03-13 06:39:59,53,10.75,1145.02,1.0,1.0,1020.0,500.0,7000.0
2025-03-13 06:39:59,53,10.75,1145.02,1.0,1.0,1020.0,500.0,7000.0
2025-03-13 06:39:59,53,10.75,1145.02,1.0,1.0,1020.0,500.0,7000.0
2025-03-13 06:39:59,53,10.75,1145.02,1.0,1.0,1020.0,500.0,7000.0
2025-03-13 06:39:59,53,10.75,1145.02,1.0,1.0,1020.0,500.0,7000.0
2025-03-13 06:39:59,53,10.75,1145.02,1.0,1.0,1020.0,500.0,7000.0
2025-03-13 06:39:59,53,10.75,1145.02,1.0,1.0,1020.0,500.0,7000.0
2025-03-13 06:39:59,53,10.75,1145.02,1.0,1.0,1020.0,500.0,7000.0
2025-03-13 06:39:59,53,10.75,1145.02,1.0,1.0,1020.0,500.0,7000.0
2025-03-13 06:39:59,53,10.75,1145.02,1.0,1.0,1020.0,500.0,7000.0
2025-03-13 06:39:59,53,10.75,1145.02,1.0,1.0,1020.0,500.0,7000.0
2025-03-13 06:39:59,53,10.75,1145.02,1.0,1.0,1020.0,500.0,7000.0
2025-03-13 06:39:59,53,10.75,1145.02,1.0,1.0,1020.0,500.0,7000.0
2025-03-13 06:39:59,53,10.75,1145.02,1.0,1.0,1020.0,500.0,7000.0
2025-03-13 06:39:59,53,10.75,1145.02,1.0,1.0,1020.0,500.0,7000.0
2025-03-13 06:39:59,53,10.75,1145.02,1.0,1.0,1020.0,500.0,7000.0
2025-03-13 06:39:59,53,10.75,1145.02,1.0,1.0,1020.0,500.0,7000.0
2025-03-13 06:39:59,53,10.75,1145.02,1.0,1.0,1020.0,500.0,7000.0
2025-03-13 06:39:59,53,10.75,1145.02,1.0,1.0,1020.0,500.0,7000.0
2025-03-13 06:39:59,53,10.75,1145.02,1.0,1.0,1020.0,500.0,7000.0
2025-03-13 06:39:59,53,10.75,1145.02,1.0,1.0,1020.0,500.0,7000.0
2025-03-13 06:39:59,53,10.75,1145.02,1.0,1.0,1020.0,500.0,7000.0
2025-03-13 06:39:59,53,10.75,1145.02,1.0,1.0,1020.0,500.0,7000.0
2025-03-13 06:39:59,53,10.75,1145.02,1.0,1.0,1020.0,500.0,7000.0
2025-03-13 06:39:59,53,10.75,1145.02,1.0,1.0,1020.0,500.0,7000.0
2025-03-13 06:39:59,53,10.75,1145.02,1.0,1.0,1020.0,500.0,7000.0
2025-03-13 06:39:59,53,10.75,1145.02,1.0,1.0,1020.0,500.0,7000.0
2025-03-13 06:39:59,53,10.75,1145.02,1.0,1.0,1020.0,500.0,7000.0
2025-03-13 06:39:59,53,10.75,1145.02,1.0,1.0,1020.0,500.0,7000.0
2025-03-13 06:40:15,54,1.21,1145.02,3.0,0.0,,,
2025-03-13 06:40:58,55,19.25,1145.02,3.0,0.0,,,
2025-03-13 06:41:16,56,1.46,1145.02,3.0,0.0,,,
2025-03-13 06:41:32,57,4.0,1145.02,2.0,0.0,,,
2025-03-13 06:41:51,58,1.56,1145.02,2.0,0.0,,,
2025-03-13 06:42:09,59,1.45,1145.02,2.0,0.0,,,
2025-03-13 06:42:31,60,2.24,1145.02,2.0,0.0,,,
2025-03-13 06:42:58,61,3.59,1145.02,2.0,0.0,,,
2025-03-13 06:43:15,62,1.38,1145.02,2.0,0.0,,,
2025-03-13 06:43:30,63,1.16,1145.02,2.0,0.0,,,
2025-03-13 06:43:50,64,1.64,1145.02,2.0,0.0,,,
2025-03-13 06:44:26,65,9.19,1145.02,2.0,0.0,,,
2025-03-13 06:44:54,66,3.8,1145.02,2.0,0.0,,,
2025-03-13 06:45:08,67,1.05,1145.02,2.0,0.0,,,
2025-03-13 06:45:29,68,2.09,1145.02,3.0,0.0,,,
2025-03-13 06:45:45,69,1.25,1145.02,3.0,0.0,,,
2025-03-13 06:46:08,70,2.33,1145.02,3.0,0.0,,,
2025-03-13 06:46:33,71,2.98,1145.02,2.0,0.0,,,
2025-03-13 06:46:53,72,1.73,1145.02,2.0,0.0,,,
2025-03-13 06:47:09,73,1.16,1145.02,2.0,0.0,,,
2025-03-13 06:47:27,74,1.63,1145.02,2.0,0.0,,,
2025-03-13 06:47:42,75,1.1,1145.02,2.0,0.0,,,
2025-03-13 06:48:07,76,3.07,1145.02,2.0,0.0,,,
2025-03-13 06:48:39,77,5.48,1145.02,2.0,0.0,,,
2025-03-13 06:49:12,78,6.71,1145.02,3.0,0.0,,,
2025-03-13 06:49:39,79,3.58,1145.02,3.0,0.0,,,
2025-03-13 06:50:12,80,7.18,1145.02,3.0,0.0,,,
2025-03-13 06:50:32,81,1.78,1145.02,3.0,0.0,,,
2025-03-13 06:50:53,82,1.92,1145.02,3.0,0.0,,,
2025-03-13 06:51:10,83,1.35,1145.02,3.0,0.0,,,
2025-03-13 06:51:32,84,2.23,1145.02,3.0,0.0,,,
2025-03-13 06:51:55,85,2.36,1145.02,3.0,0.0,,,
2025-03-13 06:52:23,86,4.14,1145.02,2.0,0.0,,,
2025-03-13 06:52:38,87,1.07,1145.02,2.0,0.0,,,
2025-03-13 06:52:52,88,1.0,1145.02,2.0,0.0,,,
2025-03-13 06:53:18,89,3.31,1145.02,2.0,0.0,,,
2025-03-13 06:53:40,90,2.15,1145.02,2.0,0.0,,,
2025-03-13 06:53:54,91,1.08,1145.02,2.0,0.0,,,
2025-03-13 06:54:16,92,1.97,1145.02,2.0,0.0,,,
2025-03-13 06:54:42,93,3.71,1145.02,3.0,0.0,,,
2025-03-13 06:55:05,94,2.32,1145.02,3.0,0.0,,,
2025-03-13 06:55:44,95,11.96,1145.02,3.0,0.0,,,
2025-03-13 06:56:08,96,2.76,1145.02,3.0,0.0,,,
2025-03-13 06:56:24,97,1.17,1145.02,3.0,0.0,,,
2025-03-13 06:56:47,98,2.52,1145.02,3.0,0.0,,,
2025-03-13 06:57:19,99,5.51,1145.02,3.0,0.0,,,
2025-03-13 06:58:08,100,36.46,1145.02,3.0,0.0,,,



